-- phpMyAdmin SQL Dump
-- version 4.9.2
-- https://www.phpmyadmin.net/
--
-- Hôte : 127.0.0.1:3306
-- Généré le :  ven. 28 mai 2021 à 08:59
-- Version du serveur :  10.4.10-MariaDB
-- Version de PHP :  7.3.12

SET SQL_MODE = "NO_AUTO_VALUE_ON_ZERO";
SET AUTOCOMMIT = 0;
START TRANSACTION;
SET time_zone = "+00:00";


/*!40101 SET @OLD_CHARACTER_SET_CLIENT=@@CHARACTER_SET_CLIENT */;
/*!40101 SET @OLD_CHARACTER_SET_RESULTS=@@CHARACTER_SET_RESULTS */;
/*!40101 SET @OLD_COLLATION_CONNECTION=@@COLLATION_CONNECTION */;
/*!40101 SET NAMES utf8mb4 */;

--
-- Base de données :  `solutech`
--

-- --------------------------------------------------------

--
-- Structure de la table `dossier`
--

DROP TABLE IF EXISTS `dossier`;
CREATE TABLE IF NOT EXISTS `dossier` (
  `id` int(11) NOT NULL AUTO_INCREMENT,
  `nom` varchar(255) NOT NULL,
  PRIMARY KEY (`id`)
) ENGINE=MyISAM AUTO_INCREMENT=7 DEFAULT CHARSET=utf8;

--
-- Déchargement des données de la table `dossier`
--

INSERT INTO `dossier` (`id`, `nom`) VALUES
(1, 'test');

-- --------------------------------------------------------

--
-- Structure de la table `link_user_dossier`
--

DROP TABLE IF EXISTS `link_user_dossier`;
CREATE TABLE IF NOT EXISTS `link_user_dossier` (
  `id` int(11) NOT NULL AUTO_INCREMENT,
  `id_user` int(11) NOT NULL,
  `id_dossier` int(11) NOT NULL,
  PRIMARY KEY (`id`)
) ENGINE=MyISAM AUTO_INCREMENT=18 DEFAULT CHARSET=utf8;

-- --------------------------------------------------------

--
-- Structure de la table `mailsupport`
--

DROP TABLE IF EXISTS `mailsupport`;
CREATE TABLE IF NOT EXISTS `mailsupport` (
  `id` int(11) NOT NULL AUTO_INCREMENT,
  `object` varchar(255) NOT NULL,
  `expediteur` varchar(255) NOT NULL,
  `content` text NOT NULL,
  `date` datetime NOT NULL,
  `dossier_attachement` varchar(255) DEFAULT NULL,
  PRIMARY KEY (`id`)
) ENGINE=MyISAM AUTO_INCREMENT=53 DEFAULT CHARSET=utf8;

--
-- Déchargement des données de la table `mailsupport`
--

INSERT INTO `mailsupport` (`id`, `object`, `expediteur`, `content`, `date`, `dossier_attachement`) VALUES
(6, 'test', 'Louismohandkaci@outlook.fr', '<html xmlns:o=\"urn:schemas-microsoft-com:office:office\" xmlns:w=\"urn:schemas-microsoft-com:office:word\" xmlns:m=\"http://schemas.microsoft.com/office/2004/12/omml\" xmlns=\"http://www.w3.org/TR/REC-html40\">\r\n<head>\r\n<meta http-equiv=\"Content-Type\" content=\"text/html; charset=us-ascii\">\r\n<meta name=\"Generator\" content=\"Microsoft Word 15 (filtered medium)\">\r\n<style><!--\r\n/* Font Definitions */\r\n@font-face\r\n	{font-family:\"Cambria Math\";\r\n	panose-1:2 4 5 3 5 4 6 3 2 4;}\r\n@font-face\r\n	{font-family:Calibri;\r\n	panose-1:2 15 5 2 2 2 4 3 2 4;}\r\n/* Style Definitions */\r\np.MsoNormal, li.MsoNormal, div.MsoNormal\r\n	{margin:0cm;\r\n	font-size:11.0pt;\r\n	font-family:\"Calibri\",sans-serif;}\r\n.MsoChpDefault\r\n	{mso-style-type:export-only;}\r\n@page WordSection1\r\n	{size:612.0pt 792.0pt;\r\n	margin:70.85pt 70.85pt 70.85pt 70.85pt;}\r\ndiv.WordSection1\r\n	{page:WordSection1;}\r\n--></style>\r\n</head>\r\n<body lang=\"FR\" style=\"word-wrap:break-word\">\r\n<div class=\"WordSection1\">\r\n<p class=\"MsoNormal\"><o:p>&nbsp;</o:p></p>\r\n<p class=\"MsoNormal\"><o:p>&nbsp;</o:p></p>\r\n<p class=\"MsoNormal\"><b>Louis MOHAND KACI<o:p></o:p></b></p>\r\n<p class=\"MsoNormal\">SUPINFO<o:p></o:p></p>\r\n<p class=\"MsoNormal\">07.82.02.72.54<o:p></o:p></p>\r\n<p class=\"MsoNormal\"><o:p>&nbsp;</o:p></p>\r\n</div>\r\n</body>\r\n</html>\r\n', '2021-03-19 06:35:07', NULL),
(7, 'test', 'Louismohandkaci@outlook.fr', '<html xmlns:o=\"urn:schemas-microsoft-com:office:office\" xmlns:w=\"urn:schemas-microsoft-com:office:word\" xmlns:m=\"http://schemas.microsoft.com/office/2004/12/omml\" xmlns=\"http://www.w3.org/TR/REC-html40\">\r\n<head>\r\n<meta http-equiv=\"Content-Type\" content=\"text/html; charset=us-ascii\">\r\n<meta name=\"Generator\" content=\"Microsoft Word 15 (filtered medium)\">\r\n<style><!--\r\n/* Font Definitions */\r\n@font-face\r\n	{font-family:\"Cambria Math\";\r\n	panose-1:2 4 5 3 5 4 6 3 2 4;}\r\n@font-face\r\n	{font-family:Calibri;\r\n	panose-1:2 15 5 2 2 2 4 3 2 4;}\r\n/* Style Definitions */\r\np.MsoNormal, li.MsoNormal, div.MsoNormal\r\n	{margin:0cm;\r\n	font-size:11.0pt;\r\n	font-family:\"Calibri\",sans-serif;}\r\n.MsoChpDefault\r\n	{mso-style-type:export-only;}\r\n@page WordSection1\r\n	{size:612.0pt 792.0pt;\r\n	margin:70.85pt 70.85pt 70.85pt 70.85pt;}\r\ndiv.WordSection1\r\n	{page:WordSection1;}\r\n--></style>\r\n</head>\r\n<body lang=\"FR\" style=\"word-wrap:break-word\">\r\n<div class=\"WordSection1\">\r\n<p class=\"MsoNormal\"><o:p>&nbsp;</o:p></p>\r\n<p class=\"MsoNormal\"><o:p>&nbsp;</o:p></p>\r\n<p class=\"MsoNormal\"><b>Louis MOHAND KACI<o:p></o:p></b></p>\r\n<p class=\"MsoNormal\">SUPINFO<o:p></o:p></p>\r\n<p class=\"MsoNormal\">07.82.02.72.54<o:p></o:p></p>\r\n<p class=\"MsoNormal\"><o:p>&nbsp;</o:p></p>\r\n</div>\r\n</body>\r\n</html>\r\n', '2021-03-19 06:35:07', NULL),
(8, 'test2', 'Louismohandkaci@outlook.fr', '<html xmlns:o=\"urn:schemas-microsoft-com:office:office\" xmlns:w=\"urn:schemas-microsoft-com:office:word\" xmlns:m=\"http://schemas.microsoft.com/office/2004/12/omml\" xmlns=\"http://www.w3.org/TR/REC-html40\">\r\n<head>\r\n<meta http-equiv=\"Content-Type\" content=\"text/html; charset=us-ascii\">\r\n<meta name=\"Generator\" content=\"Microsoft Word 15 (filtered medium)\">\r\n<style><!--\r\n/* Font Definitions */\r\n@font-face\r\n	{font-family:\"Cambria Math\";\r\n	panose-1:2 4 5 3 5 4 6 3 2 4;}\r\n@font-face\r\n	{font-family:Calibri;\r\n	panose-1:2 15 5 2 2 2 4 3 2 4;}\r\n/* Style Definitions */\r\np.MsoNormal, li.MsoNormal, div.MsoNormal\r\n	{margin:0cm;\r\n	font-size:11.0pt;\r\n	font-family:\"Calibri\",sans-serif;}\r\n.MsoChpDefault\r\n	{mso-style-type:export-only;}\r\n@page WordSection1\r\n	{size:612.0pt 792.0pt;\r\n	margin:70.85pt 70.85pt 70.85pt 70.85pt;}\r\ndiv.WordSection1\r\n	{page:WordSection1;}\r\n--></style>\r\n</head>\r\n<body lang=\"FR\" style=\"word-wrap:break-word\">\r\n<div class=\"WordSection1\">\r\n<p class=\"MsoNormal\"><o:p>&nbsp;</o:p></p>\r\n<p class=\"MsoNormal\"><o:p>&nbsp;</o:p></p>\r\n<p class=\"MsoNormal\"><b>Louis MOHAND KACI<o:p></o:p></b></p>\r\n<p class=\"MsoNormal\">SUPINFO<o:p></o:p></p>\r\n<p class=\"MsoNormal\">07.82.02.72.54<o:p></o:p></p>\r\n<p class=\"MsoNormal\"><o:p>&nbsp;</o:p></p>\r\n</div>\r\n</body>\r\n</html>\r\n', '2021-03-19 06:44:28', NULL),
(9, 'test2', 'Louismohandkaci@outlook.fr', '<html xmlns:o=\"urn:schemas-microsoft-com:office:office\" xmlns:w=\"urn:schemas-microsoft-com:office:word\" xmlns:m=\"http://schemas.microsoft.com/office/2004/12/omml\" xmlns=\"http://www.w3.org/TR/REC-html40\">\r\n<head>\r\n<meta http-equiv=\"Content-Type\" content=\"text/html; charset=us-ascii\">\r\n<meta name=\"Generator\" content=\"Microsoft Word 15 (filtered medium)\">\r\n<style><!--\r\n/* Font Definitions */\r\n@font-face\r\n	{font-family:\"Cambria Math\";\r\n	panose-1:2 4 5 3 5 4 6 3 2 4;}\r\n@font-face\r\n	{font-family:Calibri;\r\n	panose-1:2 15 5 2 2 2 4 3 2 4;}\r\n/* Style Definitions */\r\np.MsoNormal, li.MsoNormal, div.MsoNormal\r\n	{margin:0cm;\r\n	font-size:11.0pt;\r\n	font-family:\"Calibri\",sans-serif;}\r\n.MsoChpDefault\r\n	{mso-style-type:export-only;}\r\n@page WordSection1\r\n	{size:612.0pt 792.0pt;\r\n	margin:70.85pt 70.85pt 70.85pt 70.85pt;}\r\ndiv.WordSection1\r\n	{page:WordSection1;}\r\n--></style>\r\n</head>\r\n<body lang=\"FR\" style=\"word-wrap:break-word\">\r\n<div class=\"WordSection1\">\r\n<p class=\"MsoNormal\"><o:p>&nbsp;</o:p></p>\r\n<p class=\"MsoNormal\"><o:p>&nbsp;</o:p></p>\r\n<p class=\"MsoNormal\"><b>Louis MOHAND KACI<o:p></o:p></b></p>\r\n<p class=\"MsoNormal\">SUPINFO<o:p></o:p></p>\r\n<p class=\"MsoNormal\">07.82.02.72.54<o:p></o:p></p>\r\n<p class=\"MsoNormal\"><o:p>&nbsp;</o:p></p>\r\n</div>\r\n</body>\r\n</html>\r\n', '2021-03-19 06:44:28', NULL);

-- --------------------------------------------------------

--
-- Structure de la table `messagesticket`
--

DROP TABLE IF EXISTS `messagesticket`;
CREATE TABLE IF NOT EXISTS `messagesticket` (
  `id` int(11) NOT NULL AUTO_INCREMENT,
  `message` text NOT NULL,
  `idTicket` int(11) NOT NULL,
  `idUser` int(11) NOT NULL,
  `date` datetime NOT NULL,
  PRIMARY KEY (`id`)
) ENGINE=MyISAM AUTO_INCREMENT=37 DEFAULT CHARSET=utf8;

--
-- Déchargement des données de la table `messagesticket`
--

INSERT INTO `messagesticket` (`id`, `message`, `idTicket`, `idUser`, `date`) VALUES
(1, '<p>Bonjour</p>\r\n', 5, 1, '0000-00-00 00:00:00'),
(2, '<p>Lorem ipsum dolor sit amet, consectetur adipiscing elit. Aenean varius justo scelerisque imperdiet mattis. Sed sed dolor ut neque feugiat efficitur quis in arcu. Integer lobortis neque et lacus scelerisque imperdiet. In fringilla at nunc vitae pretium. Mauris ultricies tortor in neque molestie viverra. Aliquam turpis magna, luctus non aliquet non, placerat ut quam. Duis eget blandit leo, in rutrum erat. Vestibulum at leo tristique, pretium dui ut, efficitur nibh. Vestibulum vitae enim quis velit consectetur efficitur. Phasellus imperdiet felis sed facilisis iaculis. Donec aliquet dolor sed urna faucibus luctus. Aenean sit amet pellentesque turpis. Aliquam blandit gravida leo sit amet molestie. Duis tempor convallis augue facilisis fermentum.</p>\r\n\r\n<p>Nam tempus justo dui, et feugiat erat mattis quis. In congue pretium lectus. Phasellus non ipsum viverra, efficitur metus in, elementum velit. Morbi eget ornare diam. Integer interdum sit amet elit ut aliquet. Phasellus vulputate nisl vitae imperdiet interdum. Duis non elit id sem mattis tempus. Suspendisse facilisis viverra massa, a lacinia ligula vestibulum nec. Mauris condimentum in velit vitae suscipit. Donec eu quam mi. Fusce blandit sed libero tincidunt egestas. Sed eget finibus mi. In ultricies lectus lobortis metus mattis congue. Donec fringilla lacus ac dui elementum fringilla.</p>\r\n\r\n<p>Proin finibus urna gravida nisi ultricies convallis. Cras feugiat, ligula ut pretium consectetur, velit mauris dictum erat, facilisis volutpat diam ligula eget lectus. Cras tincidunt urna elit, vel molestie ligula euismod at. Pellentesque sodales, ligula quis ornare vulputate, lorem velit finibus urna, in elementum arcu nisi ut orci. Praesent luctus dictum velit nec maximus. Praesent viverra a neque a egestas. Vivamus dapibus finibus iaculis. Phasellus eget malesuada lectus. Duis sit amet velit vitae lacus sollicitudin bibendum. Cras at elit varius, vehicula ex et, bibendum nunc. Fusce orci tortor, blandit non convallis sed, ultrices nec nibh. Nunc eget fermentum magna.</p>\r\n\r\n<p>Pellentesque massa justo, iaculis tincidunt mattis a, tempor non elit. Phasellus a tellus ex. Curabitur ut tincidunt urna. Sed fermentum ullamcorper placerat. Pellentesque semper eu risus at porta. Nullam id urna varius, aliquet lorem sed, pellentesque risus. Sed tristique quam quis nibh hendrerit, a facilisis nibh iaculis.</p>\r\n\r\n<p>In neque erat, ultrices id risus ut, tincidunt consectetur tellus. In hac habitasse platea dictumst. Nunc libero tortor, gravida non tellus ut, aliquam gravida tellus. Aliquam odio nunc, venenatis a sem id, interdum porttitor justo. Fusce at sapien in nulla commodo iaculis eu vel ex. Donec eget rutrum nibh. Nulla eget elementum odio. Quisque eget cursus massa. Suspendisse efficitur nisi a vehicula pharetra. Morbi at felis est.</p>\r\n', 5, 1, '0000-00-00 00:00:00'),
(3, '<p>Test n2</p>\r\n', 5, 1, '0000-00-00 00:00:00'),
(4, '<p>Lorem ipsum dolor sit amet, consectetur adipiscing elit. Aenean varius justo scelerisque imperdiet mattis. Sed sed dolor ut neque feugiat efficitur quis in arcu. Integer lobortis neque et lacus scelerisque imperdiet. In fringilla at nunc vitae pretium. Mauris ultricies tortor in neque molestie viverra. Aliquam turpis magna, luctus non aliquet non, placerat ut quam. Duis eget blandit leo, in rutrum erat. Vestibulum at leo tristique, pretium dui ut, efficitur nibh. Vestibulum vitae enim quis velit consectetur efficitur. Phasellus imperdiet felis sed facilisis iaculis. Donec aliquet dolor sed urna faucibus luctus. Aenean sit amet pellentesque turpis. Aliquam blandit gravida leo sit amet molestie. Duis tempor convallis augue facilisis fermentum.</p>\r\n\r\n<p>Nam tempus justo dui, et feugiat erat mattis quis. In congue pretium lectus. Phasellus non ipsum viverra, efficitur metus in, elementum velit. Morbi eget ornare diam. Integer interdum sit amet elit ut aliquet. Phasellus vulputate nisl vitae imperdiet interdum. Duis non elit id sem mattis tempus. Suspendisse facilisis viverra massa, a lacinia ligula vestibulum nec. Mauris condimentum in velit vitae suscipit. Donec eu quam mi. Fusce blandit sed libero tincidunt egestas. Sed eget finibus mi. In ultricies lectus lobortis metus mattis congue. Donec fringilla lacus ac dui elementum fringilla.</p>\r\n', 5, 0, '0000-00-00 00:00:00'),
(5, '<p>Premier envois</p>\r\n', 2, 0, '0000-00-00 00:00:00'),
(6, '<p>Enovois depuis le client</p>\r\n', 2, 1, '0000-00-00 00:00:00'),
(7, '<p>&lt;p&gt;&lt;/p&gt;</p>\r\n', 5, 0, '0000-00-00 00:00:00'),
(8, '<p>SELECT * FROM users</p>\r\n', 5, 0, '0000-00-00 00:00:00'),
(9, '<p>&quot;SELECT * FROM users&quot;</p>\r\n', 5, 0, '0000-00-00 00:00:00'),
(10, '<p>jkjhkhjk</p>\r\n', 2, 0, '2021-02-15 11:21:58'),
(11, '<p>Test</p>\r\n', 3, 0, '2021-02-15 13:46:40'),
(12, '<p>test dsqfdsqf</p>\r\n', 2, 0, '2021-02-15 15:19:42'),
(13, '', 3, 0, '2021-02-15 17:04:54'),
(14, '<p>Date modifi&eacute;</p>\r\n', 5, 0, '2021-02-15 17:23:36'),
(15, '<p>eddddfyuui</p>\r\n\r\n<p>&nbsp;</p>\r\n\r\n<p>&nbsp;</p>\r\n\r\n<p>&nbsp;</p>\r\n\r\n<p>hgyyhu</p>\r\n', 5, 0, '2021-02-17 16:52:06'),
(16, '<p>gdfgqfdsf</p>\r\n', 3, 0, '2021-02-22 15:04:40'),
(17, '<p>fdsqfqdsf</p>\r\n', 3, 1, '2021-02-22 15:05:59'),
(18, '<p>sfdgsdfg</p>\r\n\r\n<p>&nbsp;</p>\r\n\r\n<p>&nbsp;</p>\r\n\r\n<p>&nbsp;</p>\r\n\r\n<p>&nbsp;</p>\r\n\r\n<p>&nbsp;</p>\r\n\r\n<ul>\r\n	<li><em>fdsgsdf<u><s>sd</s></u></em></li>\r\n</ul>\r\n', 8, 0, '2021-03-04 18:36:29'),
(19, '<p>test</p>\n\n<p>&nbsp;</p>\n\n<p>&nbsp;</p>\n', 7, 1, '2021-03-04 18:30:03'),
(20, '<p>dfsdsqfqdsfqdsf</p>\n\n<p>&nbsp;</p>\n\n<p><strong>Louis MOHAND KACI</strong></p>\n\n<p>SUPINFO</p>\n\n<p>07.82.02.72.54</p>\n\n<p>&nbsp;</p>\n', 7, 1, '2021-03-11 14:22:26'),
(21, '<p>gfd</p>\r\n', 4, 1, '2021-03-15 14:10:39'),
(22, '<p style=\"text-align:center\">dsf</p>\r\n', 4, 1, '2021-03-15 14:12:04'),
(23, '<p style=\"text-align:center\">fdgsdfgsfd</p>\r\n\r\n<p>fdsgdfsgsdfg</p>\r\n', 4, 1, '2021-03-15 14:12:18'),
(24, 'VH9A9pyn7BMiI3VCnoOgXi4LnKwhvPiZ8D4r+Dx+3xc=', 2, 1, '2021-03-15 14:20:10'),
(25, 'Xgs0jDGPvActJBLZHQ14Do1J+zPvoyHgYDizQEW0/gk=', 2, 1, '2021-03-15 14:22:49'),
(26, 'Szq/EWE1Nz9B/UDEcY0hkg==', 2, 0, '2021-03-15 14:27:45'),
(27, '0n2vj+IVlnOvU/E5Cz2xRwkjycIIju0za3N5XBUcO4fNTkq8+ZFehyqL9Qvy7qJ57UzW0QKx5iF2jsTBx0FODIleUZr8CJ4QD8Kz6dtD+F4C1knCj2XkfTG07YQqZZLWUchv6abPClm2ihkPufA0sO0m3WwsBfWQCaxYC5gfG0g=', 2, 0, '2021-03-15 15:55:05'),
(28, '0n2vj+IVlnOvU/E5Cz2xR+F9woe3ckeyMXq2Oi74WfXlsDl0JTlOPuIFg5N3mvkr', 2, 0, '2021-03-18 13:34:24'),
(29, '0n2vj+IVlnOvU/E5Cz2xRx2+U5lxi4pZj6JPfWj6fK3laCkWB5wm0WboYemKQ5c0V0PoS798KehuXac3TrWZng==', 2, 0, '2021-03-18 13:34:46'),
(30, '0n2vj+IVlnOvU/E5Cz2xRwRda42Hor25PUuWbcZJF1I7R+NAzTZXyrslFfiIfeUcVPFNgyHaXC5t+/N29STrduWwOXQlOU4+4gWDk3ea+Ss=', 2, 0, '2021-03-18 13:37:29'),
(31, '0n2vj+IVlnOvU/E5Cz2xR0+yqSy1JO/M/GoveCJGkGHWjU2w1bjhCSkVjS0b/SQPl2oe2i08c34VgBdH71WhuVdOQ8104rzXvcQF/Rte4rHIIrufHRhD4hA+QeyVhWO8', 2, 0, '2021-03-18 14:03:39'),
(32, '0n2vj+IVlnOvU/E5Cz2xR0+yqSy1JO/M/GoveCJGkGHWjU2w1bjhCSkVjS0b/SQPAms+d4Wf9lSf0eptkrt3JciKfBEKT0FYMSVXGrY+gKrIIrufHRhD4hA+QeyVhWO8', 2, 1, '2021-03-18 15:24:05'),
(33, '<div class=\"WordSection1\">\n<p>dfsfdqsfds</p>\n\n<p>&nbsp;</p>\n\n<p>&nbsp;</p>\n\n<p>&nbsp;</p>\n</div>\n', 6, 2, '2021-03-17 18:45:51'),
(34, 'uYxPlosMLsBWcOWYBbxTOI1J+zPvoyHgYDizQEW0/gk=', 6, 2, '2021-03-18 17:06:07'),
(35, '0n2vj+IVlnOvU/E5Cz2xR0+yqSy1JO/M/GoveCJGkGE5zrKGD8NXuSBBDwg1DX9cCefom4xixREDbEXgbUMlkw==', 2, 0, '2021-04-01 08:47:50'),
(36, '0n2vj+IVlnOvU/E5Cz2xR0+yqSy1JO/M/GoveCJGkGH0NP0PKjDQvlRckB/xjdYuNdwxjIqacJmHJI4Mmcea6FcK7devA+cg9T1XnXKaBCQ2owGsJ4thi+fO5VbtvBs5WBRWr+qMfvKrxVj7S0dB5Dq1nfTUkMqsKqbXJUN4Lhc=', 5, 0, '2021-04-01 08:53:57');

-- --------------------------------------------------------

--
-- Structure de la table `tickets`
--

DROP TABLE IF EXISTS `tickets`;
CREATE TABLE IF NOT EXISTS `tickets` (
  `id` int(11) NOT NULL AUTO_INCREMENT,
  `Sujet` varchar(255) NOT NULL,
  `Client` varchar(255) NOT NULL,
  `Statut` varchar(255) NOT NULL,
  `DateCreation` text NOT NULL,
  `derniereModif` datetime NOT NULL,
  `nouveauMessage` tinyint(1) NOT NULL,
  PRIMARY KEY (`id`)
) ENGINE=MyISAM AUTO_INCREMENT=10 DEFAULT CHARSET=utf8;

--
-- Déchargement des données de la table `tickets`
--

INSERT INTO `tickets` (`id`, `Sujet`, `Client`, `Statut`, `DateCreation`, `derniereModif`, `nouveauMessage`) VALUES
(2, 'dsfsd', '1', 'En cours', '2021-01-21', '2021-04-01 08:47:50', 0),
(3, 'dsfsd', '1', 'En cours', '2021-01-21', '2021-02-22 15:05:59', 1),
(4, 'dsfsd', '1', 'Nouveau', '2021-01-21', '2021-03-15 14:12:18', 1),
(5, 'Bug', '1', 'En cours', '2021-01-21', '2021-04-01 08:53:57', 0),
(6, 'Panne', '2', 'Nouveau', '2021-01-22', '2021-03-18 17:06:07', 1),
(7, 'testttt', '1', 'Nouveau', '2021-03-04', '2021-03-11 14:22:26', 1),
(8, 'Nouveau test', '1', 'En cours', '2021-03-04', '2021-03-04 18:36:29', 0),
(9, 'test', '1', 'Nouveau', '2021-04-01', '2021-04-01 09:42:28', 0);

-- --------------------------------------------------------

--
-- Structure de la table `users`
--

DROP TABLE IF EXISTS `users`;
CREATE TABLE IF NOT EXISTS `users` (
  `id` int(11) NOT NULL AUTO_INCREMENT,
  `nom` varchar(255) NOT NULL,
  `entreprise` varchar(255) NOT NULL,
  `mail` varchar(255) NOT NULL,
  `passw` varchar(255) NOT NULL,
  `date_validitee` date DEFAULT NULL,
  PRIMARY KEY (`id`)
) ENGINE=MyISAM AUTO_INCREMENT=5 DEFAULT CHARSET=utf8;

--
-- Déchargement des données de la table `users`
--

INSERT INTO `users` (`id`, `nom`, `entreprise`, `mail`, `passw`, `date_validitee`) VALUES
(1, 'Louis', 'Louis\'s Company', 'louismohandkaci@outlook.fr', '$2y$10$Vi0C/iXk67ZmsegxUMnkDuMCsWjFw.IUQM.O1xpGGphWpLDFRrP8G', NULL),
(2, 'John Doe', 'John Doe Company', 'John@johndoecompany.fr', '$2y$10$i0X19peiB2RRvkhEyFJq0uf6LmcD33lhwt5lBQ5FyXFPAwuGe/rE.', NULL),
(3, 'Admin', 'Admin', 'Admin', '$2y$10$HQxPpzsKwd4T1CMhAPEbi.TXDN9JPuWSojhEgJViftSsMZuOvDWPK', NULL),
(4, 'Jean EUDE', 'J\'E Company', 'qsdfdqsf@dsqfqsd.fr', '$2y$10$xo6iz13CrSubcqKblWgEfO8flguY2RcXomNDzhjRBVplKoilKIas2', NULL);

-- --------------------------------------------------------

--
-- Structure de la table `user_wiki_access`
--

DROP TABLE IF EXISTS `user_wiki_access`;
CREATE TABLE IF NOT EXISTS `user_wiki_access` (
  `id` int(11) NOT NULL AUTO_INCREMENT,
  `user_id` int(11) NOT NULL,
  `wiki_id` int(11) NOT NULL,
  PRIMARY KEY (`id`)
) ENGINE=MyISAM AUTO_INCREMENT=34 DEFAULT CHARSET=utf8;

--
-- Déchargement des données de la table `user_wiki_access`
--

INSERT INTO `user_wiki_access` (`id`, `user_id`, `wiki_id`) VALUES
(9, 2, 7),
(10, 1, 10);

-- --------------------------------------------------------

--
-- Structure de la table `wiki`
--

DROP TABLE IF EXISTS `wiki`;
CREATE TABLE IF NOT EXISTS `wiki` (
  `id` int(11) NOT NULL AUTO_INCREMENT,
  `titre` varchar(255) NOT NULL,
  `groupe` varchar(255) DEFAULT NULL,
  `date` datetime NOT NULL,
  `content` text NOT NULL,
  PRIMARY KEY (`id`)
) ENGINE=MyISAM AUTO_INCREMENT=13 DEFAULT CHARSET=utf8;

--
-- Déchargement des données de la table `wiki`
--

INSERT INTO `wiki` (`id`, `titre`, `groupe`, `date`, `content`) VALUES
(11, 'Wuju', NULL, '2021-03-09 15:44:28', 'mjPb6mODnbr40ouA2EJdqdM1QrKVVrLJwls5FJg8zxKAQnDsKXE9ciaWRuDSDPwfEZx6MvZLygGpLravM7Q/0Xpr0VtfiPdp/S2Ah4wyB1dPCZFg1Q4E++7k4GslA2WuPqP9gcNnqmO1NXaliFBVEThQ553tUMg9sjxeRGAUHKbeu7fdNkoZiUte+jlmO8I9hFz/ZmXasTckSDmijqVdZ4EGu6VGlsmJCqxIf3SAeFZTSbN6Xo/NaScaGYoChe/noTm09h4XdJcbGad6zgyPoOYeWL2SSmMZkPyprw6pSo06tELvOxOezECKf7zGS4MZL2mwcWv0++S7MLVl7w8Zrts+4H1PHo3ybM/C/vnMuZPQ0/46TXZjzoJuiD/tRuGGMWsekrW5VUiddGUi0Uidx5EZYxZ4EB1RXGCbfR/bzaTx8NMhwHxRiymj6spAFy8IW6o3Cf/o6VFxWGESIrFgflLzykUgMfWR4kYeloSnlzGurdtFJnGuGby1mz7b1rELF8lIGvEn9lQe9szEPDbm5noQ6ooGEnpZkXKqQJ+Z+Bt9UeHv9tdTUp+SKQkGmoJIKqImd6ZymmpVAFNE7XaRdnfBsnycFImG3NEZcaUEKTRAXKgLK6yqvOKdzultliOrdddN5SuCLfQtjL0xo08TTOqGXOMAG75L3EG60jE9SGRJV5GgLB4Ij5b5kLbty68kmyXt00HGlFH0yZjiVkYXdIHQK5k0Q8hRDz0hwRXMZXMFtd9w0jJ37G+22ZQNdFtbzVdvTsUxJf08Lw/dbWgEXZDskEskQYH92auscpGwkOGB6qU5/YjeQl9Nxd0Uduxq4K6Kur2nnJjDxFctr2FMbAWfAu7LWNfniMedrNHdmdMfbDP0SYZ3p1T3u+F4HoLiCXDC/0WKFz8qULQq1XkjS37b+6cGNwdzzTsfvzwNMw1lkHnTFIKOptZ6Or4MRajqVsdl7tNouyB7I8r4yi7Edvt5ZNmSNBAIIQBjPTwlTSs/wRsm97teZWKdLoRXO34EZ4U2Ok6j7JUbiWGIsDrH/FFY4HjwwbRWz4OYHMTHJ+rUzSvwh0VKjrwUgD046ksmZfE5qVTBahecPVlzSAwN6gv6GT5jEV3qubdVnwijzSi88DGPjpkB7frUeN6WlV4qAyRRXH9Vu+ur4R9rtDbua6zrxjamVyPoYXgApKZEE751k4P8aWZgXqRXe1rwvHfoCA0+ysSB/CuX1HMfEnsM8g+4HbsVy4OIgZgvqHTpFsKa7sJkSInlSaE8I5LNuOLcKwjCn2ThuGg29RLv0jcwEvLUyKzp/P1DaEXDllq6DYWXkeZkEj9o6Ufo/ZWYB4QPsnyOMPQ5ssiAmp5lckuAmELa9jn0ToL6MI5q64UT8S933pAZnLK8DrVJZWQIWy9J6JnYrLLz6FmI6c1+a/9QSJDGcl1nX4KkGKMkI2fmadsBimqmaQvDxVeJAIJz5AWBCuFG7DoDdT4Ul9j4fU2/GhAagL6EI0D2EJb29gQpvsyl9l3nUu6WsAnJqcljStWCOoaKnwhBAnVdnM78sgCLG8Lr9F84WqVdsLM7PzzAOmkZU1LURa1p5abXtOzveF0Fa21ivIqZ+FdL7zcDWYRxHo1Es/8x3RxHhZeyOC1PbHOTAoYAqkNrFfQGgVBq0QNRHJDH7vf9TyRWzCd1l2gpRSEN0P0AW+4UGb9HSf8HEcw1FHVSo7DiW8D/8C1xmDhP6QlDv7q7E3dhpyo7RdU/yHWhO3OORmR3gXy6RjeqiAtCkUk/QxiS8ZJSYa5AOWP1kMrhgxjVfBDqyGPSz75SxqLlUU8hBix/9/xOEuk/fP3EiTBiIcqmRO0El0tWE4pclTvmOZOPT7SGERU4qjU1jTL8+xVHNY/wCXhTlG+321x54NejzUoKhCsFyXrHAibjsQZ8nlGPMA6Vu8enMqqTy3uHi1mqLHUJP093jeL0wD86m2xuwmIDnIH2sB1KuGSznizaVe5WUZdZ0Eo15mWoL9GNLKe4EtW3jaJGo9jP7/CC+zd5KdYQXgKb95Nhh6uu+6G4NmkW9C2kISQ0Z+dIkMErCV833oUuVc6JvLPNmrFjwCYrHZidLNkVoTZuZKnaozSPEankWVJIqOcPZIrOeNey3Sf/Nf7XEuPgm455kyrkk+WDTuXsa/rJLxG2VAIRUDZG3+AigCSX1QEcqrc69RZT3L+vx0LZSj7+DwL3QrSTMh1+mhTjHy7rL+pdyLJG15GKLC2ikSLSba+61+ygOdihIHOPZJGLJ65BEEx2ZiVIjhkXswmvkeIllx1aBVxmuxCjEhz1Ys7+/RNadtRPidrSfHlgqAQmMEbQqkPP8QP+0vYDfWqDToV8us8mdlKovoDYFGhp8jhddd8gkyEYD+I6knBH5IxEqEYtK4PaxlR3NyU9L+m3zpCdD7lYhNcPu/WcLpSH9DADw8egv4p8PgiDgU6rnydLA9l9jyUg2By2VCL75nLJKu2DbRANebnyY+WJC1yiDxEUezSfPbpZLXmMj99U7xa1Fm92ZwCSmctV9vzQ6UMuOrsAjbyN//QBNxFzuj1GnCHyU3EBFqbfWdM9jqL49tDIllIOWUf4xNgDNViSuVNtUaXtEmElhsoPfMc3yHZvW0RMd5fDK8Lc2T4ijIIZg8hV8+62BfEQN1nefcUFZ6YT3mloAtnzb1k2c6Ds3VOymXgf2OxgDHqt1XI/vjzoKlHW/BHtjEDA64BEUMEwPNx/QXDR1IjnSQJoP0iI2ylPDSu4n4zIVqqExk8Mj4B/FyZ9l1aeej+GmkmWa6TUl/6cKdrkBUfhAuFGfA2P47Pesy7spCp7xAtkxvDnEZa1cfBeX76JMT5HgqgiWG+SQjEwveOi20fF7NxvdhvMqk9zZpjjNTPu9k8GtlBn9flbPu9Q0jz8GxF/EamLZEbPq10jLnvyDQBUzVoVgqmsIrcOfMsnxq0XerTPM/fcxQkcA2PopeGAtpCVZzCgst70OSSKqnjvHi9VwmFpSC9ggevVOoQ7OXlZlI3kRDqlaswDx+cmymPt//z0h2lkWzOIMeAGV4Spq9h88HGE3kLH4WsBG/OjNh8syCbeYFcyR3VJTfIhBCeZXTVTtDB47pRA+YfX+qIuD9cW/t1LvRxz9NNKbuoBl1MFxfCDYQ0CFAOatWGLUO9UpYq+/qeQTtQwImR84o/RUfJJ84711NSUMi3R3EifmPTVZMEs9UZn5WERsoTBip3EjSjrE/6qpR5JEGelJSDM67WpC1FPfbMlu/ecRk7PF2V3dJV8vbdo9u/kbN8AJeiSyqXgXIOmR5zhlD1CtWLtv3nDR2/yptW/Uk4PDim8uOh3R8CfoSZjknl+AjHGmvZ5ku/ODKSzM3VCMDikFn2D5U3Ajm/yAONjYd16R+6E48eAQoRXEdgAeRGdHxRQdTGIlBW83aQzhsyT/RFQI580ttcL6wwQF8ujqBVWc7tNIfmNvRCz0m8zXeCEYTton12WoUzQEXqBHi9qwaGmTmpQP4yIBA9u7haWoSGL/ZGmPlOygcb1x0RCn+JqRVx393T7+dapGTjajWAcmSHQC7YHNceyT9DfY5Mh5KSVGNuDjCzarp+BuR6mvq3TUjjPa69n1RMODnVzvPPAiVmJUJypI+uLxAZ92mRQl6lEDMkvvKfz3sHeoZaexSZmCygoe2qaqfHGKJ2IwcTXmeGpGNAGVumq3MUWDRUEO5MOs0AdsRR7uDHCJeg4qGtnQWbwyk7RELwgkp5TPRKtzdAsHYiKwemkZWUK/JxxEnY1mt9QRH0xFSOLHmD/+4ZtQcxzeGQSKvk1E9sTPm9DQHJvmjRbD70lkidiwdbZY5HpT6+gH4/4H3xnFbOLDQ+k4+RVQrRI/gJ0lNhaXEzBheDo3G3VwlQzXtudjTnQy+zzFvl1vGlIHfGVBVZ+yozzO1ag/upbMLPpq81deDORSwc0TambDvLUc47H3CrshmCIn+RcUKLTD9E8GkG8Mdk+1ajQEm/Rj/ds4GIlEJoVldTibY7/emAOIFCwi/ZiUN7TCXFzbnInBD5ko0EUXOrscBMS46LhnFZC0s6xQUwI31SaOpAYHJCMJfvIf0l6tN5G4uV2E+hrw3pbhPh4Sz8bYtTV688w6pfIpvG2XfPvJa1GJ7ZcboLOXVq1HVhyW6q+wenT9s4TKlSuWZPAZRnn3Ba/me9jbI7O1GgkKIfYrKA/PoW/8jfx8zSmi9wWio8/MrEaIRrk8NHkwWfajyI4uOsHgyjUaisaIH9UTYSeI+5QIttVhi0CmjiZvb2BmBCXgdKe/hqCOcz9Em21bsatHsGnTcQx8q++vl2FaXh76QhERCahCUB1ofGC/epPE1Fsz0VYhjK0hsMzKgEm6SVUG0lCMLMo7MehrrZZIV9wkMhIYgrvR9WmhJkhuBbxh7IfRKjScrs2gV1c1bvZ/+AHT1NOyVszR/3/e5nu/lVPZjPC4HJKDrB96SwXXSn/PfUF1j0lGib9Ha/sQOb7fVAWQGXmNuoGdtnMQWdF44eqat8WXmKDNn+hWTM+Qespucy64ow2u+rb6xjYux9iw1ynbhdcRBpoYR42EtlKdSaHLWEdcdFbkKJ7h4liQeu4YSj6VJ9bUCK4aqiJncfwHJbcJsKNEfJOq0r82I/NssVoi9vYKXIz0fswqKgo3upx/C2St6vh0blQdK27OdOQgrF766wYtWnuaUG71aAend820wMcklP+VjMzUHa8eagr5t/O0hD/qnpDxBOHoZXyl1LQHZ1nUOmN5nIiut/PeGzFovqH8Unfab74ezUKy1pCO9ySfD+dvktFVCrjPYzXq6R3PAScWZ1ZcybWa3G6FNLdimrJrLSyhVgPoBl7Y7m1St1IjRNzYt8bA8qeiHHtpKCPzyPkfvrHf2oO/5Rz6sKp12E+eDCUXv9JMaruXfGaSmtqn4dydJwI9KgpgMdBzUBC2T9pg5MAsn/hwXzRIyqcY9dSTEvXmtdCS6a5QJ9TAN6aP5deqPBhrjA/yTUrvN1j4Z7oCBaQr/twp52IhJb28ymv8M9znhLbwD6wS24liDyKqx3SgF8C6p5UPJBHOGpmJZ4oQ+aibb5CvpmOx9U9EKtoFxrc9rU0A2nmPPm3WiUMMVKAe0GnyswKpbOMdp6vFzBPFLFaLNMAfUVAGpXFn1PitDUMzdC4cyDZMX9SoW7aPHT4JSCwEL2okeU2VM4V4D1tyBUWps881WQgpASrBv8nsXttejOeaIWDT2FnHqeol5dvFQIJpM/oTVQ0HOZew17f1KJeDhMV/rIQTSXOHEpBCC9yOfBZxf24fZbDeXeN4OVIKzfH9mvbQ7qnXI8fHmyAkjZbLABMQlEgYcuG2qVT0bb2BlWYp10SuudW7a5wBnPJ3z5EmiPj3/oeJg2Rl7EaGyotF63BTPHyWMz66vflV/kMLqo5jRFZtBeXab0hMWMGUgeljCHnSi3Zgm5eUT71VGV8aKnQjqlzNMsMckrfTl4KSbwuRM0ov4C1HbvJTLy6aIXTUB7Hey1k/Iu7RswFZeQle7mMB4CgPLvnzKStGnZGaa7hZLPpkJD+zR9zGmvr+ubu94zpSGuUhGoRSs3VLqidl/njPrjfw4GLnBVKaQp21I4/UyOj9Bbga1FRybBKkuMQYlMJ1s27zTb2el372shOEyyHfEPIFLD54DbHEBQjxPlSmjJDlrcHyGhXTFEYjzrHwD2RWT1ZCx9lvdtqqLeJnGXdHrlj1InWyyELNt2k6Qch93y102v7U1Sa9Ztqk7491Hw0PeD+olvI4AIQz3olG/cHCxWeOGKcvElIGu7Qp/nWww+kVxkZhhgyphFCj+8ECixxAgfqAVjSlzSy6Wg3V6jQ4BXmMvZ87f5AgiklPsFSCp9jFJsLAhihvjKCovTnrVCGmCTqOgjRygctqKXT9VBoAt9YCjSRtudQp9iPCKhARzcHQXCD4WkDRbw0ynf3U6LUKgR5aKUQhoS6wU23Hku0aBUJjjuvYVQjR4JBmYh3dPeVq5hSw2ruSh1Pr2V7LF2VKMnnDXG/Ge+ZDcSmWniukPTJLH6L77beW8MLshK80VmcM53u2q56lGyH5IFk9oDVxHmwK7aC/QUEez3lZAc3CQClZ3rhAnxu/QAQ2/2h3yD5g4jcV4BxIXY0xH2Of02AN/jd8StnVTp0e52KhcCXZC/XaKSjNJwyBz49nOQ5ZLJrTedaT5cD96QgVqinyMWr+UE3uLeu+KPdDTxfwalisD88dC87efRs4PebL4hYVtY4QCDIzU7igbxZn/icUlo2nKhYmdn1CBKxDyEs6C3fsz68rqYD3eXDiFqp+lHI95dQMJ1mX+IAuQzMyiMrJRBPfYzGbidI6lkbngnKIvInz6ik+6YYkmBpy56vjjQg2cH5BdK8qprVVI4ad/O/wsMjxfbjC5IoZcHNC3ZD8QXgj0RPPY/VFd/Rl/W9x5oGieYIfX850WQRmQyqgnfGXVHZHT7c44f8+fNG4ytPQz3oZv5BAjCW6tmh0lzydIvooWOPESr1W9dZKioUhi2T8rCM5AYT2W9aftZj6prkwZ7pWaB4jBn5Dxm4cCyIiSyg+6Y5hFwm1jZ/zxw9z3lUSFuImze5aIdH5faJK+0wHWtvQwC1jCtCVQR9opttsFflRbGftZZmX0+0OGWrT2sf4tLF/7cVVAuXumKTHuL+n/valXnzSh/1n0N7a8WPhO/Cg+xxiMjjbW+PiN+JQjrJcnRps+y1vrNXF/FEjSjn9ES32OTA9AhHtrYxkaVxtA+FYtJvlx5l4lH9qK/6QRFpK1+gOuaAxOdPyh6CCxt4wvx3CSBxIhUtJPobLbvWQN5zUnl/dirUF1ovwM7GBeN05R0sH5BATbBRCQi3Va8Vr1gP4K8PDMnPmDWsVw6xKzl0iZLgGQbw/aa5S1HTk3GxnqglVqkvBDIbRffDaBdr4F5wE9KHLFxRXurNHH76W2mEEcpF2/fMITFveS1hkx3TDOd5+RvFtbUWkKzMK/PXFllx6fVV+lz2I4odIxif26VSCu7zoz4F5Da2tpunl91KUEzTzH/oFFTElKKljVY2qysT2GOtHfJrqO3n5XwOHRr4I7FAwimdsFHxO3AXVA7j6tdYWUfIQUycxh+E1oZssv++VPaxlb1F3tXEjR7o5oNDc+Ox7p/mXiEeaEOYwCd0VOhjdCG/XzhJTqjjmxc6sZIEo4EtVWYlTr/NzH+E9n/h3WAc9/e8xevnKO4qTGkURX9c1PXLdjQGfGNFUVHt/MXS8Xq24NsjbMu/uUFBtLFzvxlVs38J46BxCOVOrlowvFHuLPExOr62CqQDz/lMqh63Ci119SI2Zvxy8wDY2Md3yMEziGwvbuYSVytp10CBFP5PZ/mgXYT7U7t5/BfRaeJTW+l7/yOdH5oRnsOCPhblPSqL8pGSbgJTLPJauCTdgP9tPJDfmHt60ZX+ZELLDWobnwESbBDR+n5eMM/quXGZfz9/0q0lKMLYKuNaL0YGeNQb7eGwtsSAREQlMKIWf3UfO+EdBLmYAeGHWCmWKYh/au4/qlQrsBgcqKvMHm+oOTi4iGElF7eVKxGNcSAZIw2xRNLMX9e6hcDhSVcqf8z5A1YZXdQmCNMD5zBX01du7bwq7CSZKIzypDp8e2DGFfOicyxRDJ+cygPpGM62Cg65opXhNMNeqXpmyjY/cET1AzPCa07vh1hnMRQC84rAvXv/SUTD1XE0V/3nmjPMmOMUrPQt4vBIcVw09p5K5wg3T67oMYprF/2zMUhRjODaqeqqF9zrnneRtt//YBM9j8n4qo48zcS8XQzxHyTomN0INnwj21xOR1NwolrgQjayKdL+otpzWZV+JTUPp5r4DKCTzxeRrwXN4K3UyPBwfsLQ7hirF4aH14e6vps/17XcNjoikasKLICpnLXEjOvkAl2rWv8xi0HNThjg61hkAtY8c4BeF3qKsYkX/wbvtKK0+JwcZ2fk4ENnFVoPHNGOrWHz9eSTy1s4DSxnURXqSS87304ypt2cia2hYh6yVCfZI+AT4raTw38cSqu0YMZyQRf6t//joonCjcs3TGBfg+iDPxPGdhaK6azTrRX4d04SV6BVxflMWNFuTxHZ9Tw6OescodoupL/lc8C8HqAFAg7G5hsB0gPuUbm8RPTzFNE1r2DI+G7oBRnFcTm/dzf7KOjWtXF4+x3N62uDeTCB2Pg5AGWr77vtoUWb6xd/L0Bwl2Y8Uj3JNKT4ohtCsihsVKdSW/DYQYSBDdcDU8bLr/f4p8Rwg9orXEMtBz84dnoEJ9qWQjxYeFo3iRD1d7tzVDalghNF50jSab+ddx19pr/embrtBsGBkQ0/IOtCDTbDj5m5Gmt2XFxCOMIPtXQf7Bk71UKAki7l7Qi8MyK0qqvhE5JcKPSw9erHxif+mSk77GEm0OrgdiZeNxIVtmdWPk4MOz2sPHx6F+HqkAR5ygWminQ358UvdwhjEDUy6Ry76PPMMD+F24JkUOiU1z1E+vV5JjOXiqtB49TfQ4UxFzyDfaUaxi7ae1IwwIIEdC6UPd46EK8HrjifmtY+lTtF9lpbbcP6hsPYyUG18t8grkn+QYk8MvZ0PI3FkW9DyLDyuH+PRQeFoFIV1cFsbqZXRDDBTxXBxEMLXo1y+SOe74ILY5bXELFQ0jTsg3n3GfshkwvAEnGAlW4hJr9pixUYu7SoPUSrHRDlz1MM/9oiuoHtECHXaD0lqnAwcJ1GuuCZKmVI4WRtnJ2cxDLLIbl9JLKSDDovVFne5G9Nd6Tixj5J68fzkXmeTMHh/HlPyHERqFx2HqGYJA/p40apDA/d7wzuDnQFFOY2oZZd6yy5JnVPDN1e137SrLXzDJ4eAJMGmNJyUjea0f7+ouE3Ebw4ysC7clZF8yBtGdnnbRVjcyKQ0j/NajccBUgCfjkskty0XSdjBgwk+2q4qrobKJR6MyYJ2nAx0QmlRB/jlyVvt6d8H6/SDU3UzWx/Sw7V1+2axAzypxVs1Jj4ehcwcXnxQQUtUk9KyHzzfgAYM5iGZffCW0MJHeGXKy6nST2k+GBhr8EzFQRCgd+0qTO4qR07YjuOwV1oXwAxgopnPAX/HN+0H/nM2SoBShJPk8S3jlKXisyInw6oRkNfRnWx5hvqmNm9xyJIj4PFAQBF4WtgIZvM4fo8M/8ssGgCC+FqSuZKk80qsjGA3wHnhyYs5rbS46KJlUE0BocKXDQls2Wm+twyQXllSTTKbVqhdyb9NnEN58vcx3a1kwLj7ZaqfbWBTJBk31+diu0mJfmw4RZMeYyR0uWi4bWmY9ywMr1bvxbqbCIK0HxzfcLhaptE47sdC9DcF61icRmDpiL+BOZR/Y1TXbRGbbZaLtEiVn3bFtWawAPqn0x3FVFFNk6U3h5dg0ZB303+DY/qZ7Rs1AahybG8YZjufVW8mRgmLIogUqpmXNiuTyZKa6ltgTElcLCaKfcXKaok05KJxrrtuSf4AnozBCFlWRja9jM5ade/ADgXsMP3KVeL2X1TlxIfx2vE5pEfJ8HflEib/yJ+FnX7vnLFr1UjeUxq3qR+ehoTB5nwjBmhWDdVwIkdjGgX7HBk7Om1bGrhpfbMJGT7TTWtyvu/aNlz81YvLBAZ0LLxv/N8nm3J/vKs6jR8YtPVq/8t2AHNb5MxzVdvTsUxJf08Lw/dbWgEXZDskEskQYH92auscpGwkOGB6qU5/YjeQl9Nxd0Uduxq4K6Kur2nnJjDxFctr2FMbAWfAu7LWNfniMedrNHdmdMfbDP0SYZ3p1T3u+F4HoLiCXDC/0WKFz8qULQq1XkjS37b+6cGNwdzzTsfvzwNMw1lkHnTFIKOptZ6Or4MRajqVsdl7tNouyB7I8r4yi7Edvt5ZNmSNBAIIQBjPTwlTSs/wRsm97teZWKdLoRXO34EZ4U2Ok6j7JUbiWGIsDrH/FFY4HjwwbRWz4OYHMTHJ+rUzSvwh0VKjrwUgD046ksmZfE5qVTBahecPVlzSAwN6gv6GT5jEV3qubdVnwijzSi88DGPjpkB7frUeN6WlV4qAyRRXH9Vu+ur4R9rtDbua6zrxjamVyPoYXgApKZEE751k4P8aWZgXqRXe1rwvHfoCA0+ysSB/CuX1HMfEnsM8g+4HbsVy4OIgZgvqHTpFsKa7sJkSInlSaE8I5LNuOLcKwjCn2ThuGg29RLv0jcwEvLUyKzp/P1DaEXDllq6DYWXkeZkEj9o6Ufo/ZWYB4QPsnyOMPQ5ssiAmp5lckuAmELa9jn0ToL6MI5q64UT8S933pAZnLK8DrVJZWQIWy9J6JnYrLLz6FmI6c1+a/9QSJDGcl1nX4KkGKMkI2fmadsBimqmaQvDxVeJAIJz5AWBCuFG7DoDdT4Ul9j4fU2/GhAagL6EI0D2EJb29gQpvsyl9l3nUu6WsAnJqcljStWCOoaKnwhBAnVdnM78sgCLG8Lr9F84WqVdsLM7PzzAOmkZU1LURa1p5abXtOzveF0Fa21ivIqZ+FdL7zcDWYRxHo1Es/8x3RxHhZeyOC1PbHOTAoYAqkNrFfQGgVBq0QNRHJDH7vf9TyRWzCd1l2gpRSEN0P0AW+4UGb9HSf8HEcw1FHVSo7DiW8D/8C1xmDhP6QlDv7q7E3dhpyo7RdU/yHWhO3OORmR3gXy6RjeqiAtCkUk/QxiS8ZJSYa5AOWP1kMrhgxjVfBDqyGPSz75SxqLlUU8hBix/9/xOEuk/fP3EiTBiIcqmRO0El0tWE4pclTvmOZOPT7SGERU4qjU1jTL8+xVHNY/wCXhTlG+321x54NejzUoKhCsFyXrHAibjsQZ8nlGPMA6Vu8enMqqTy3uHi1mqLHUJP093jeL0wD86m2xuwmIDnIH2sB1KuGSznizaVe5WUZdZ0Eo15mWoL9GNLKe4EtW3jaJGo9jP7/CC+zd5KdYQXgKb95Nhh6uu+6G4NmkW9C2kISQ0Z+dIkMErCV833oUuVc6JvLPNmrFjwCYrHZidLNkVoTZuZKnaozSPEankWVJIqOcPZIrOeNey3Sf/Nf7XEuPgm455kyrkk+WDTuXsa/rJLxG2VAIRUDZG3+AigCSX1QEcqrc69RZT3L+vx0LZSj7+DwL3QrSTMh1+mhTjHy7rL+pdyLJG15GKLC2ikSLSba+61+ygOdihIHOPZJGLJ65BEEx2ZiVIjhkXswmvkeIllx1aBVxmuxCjEhz1Ys7+/RNadtRPidrSfHlgqAQmMEbQqkPP8QP+0vYDfWqDToV8us8mdlKovoDYFGhp8jhddd8gkyEYD+I6knBH5IxEqEYtK4PaxlR3NyU9L+m3zpCdD7lYhNcPu/WcLpSH9DADw8egv4p8PgiDgU6rnydLA9l9jyUg2By2VCL75nLJKu2DbRANebnyY+WJC1yiDxEUezSfPbpZLXmMj99U7xa1Fm92ZwCSmctV9vzQ6UMuOrsAjbyN//QBNxFzuj1GnCHyU3EBFqbfWdM9jqL49tDIllIOWUf4xNgDNViSuVNtUaXtEmElhsoPfMc3yHZvW0RMd5fDK8Lc2T4ijIIZg8hV8+62BfEQN1nefcUFZ6YT3mloAtnzb1k2c6Ds3VOymXgf2OxgDHqt1XI/vjzoKlHW/BHtjEDA64BEUMEwPNx/QXDR1IjnSQJoP0iI2ylPDSu4n4zIVqqExk8Mj4B/FyZ9l1aeej+GmkmWa6TUl/6cKdrkBUfhAuFGfA2P47Pesy7spCp7xAtkxvDnEZa1cfBeX76JMT5HgqgiWG+SQjEwveOi20fF7NxvdhvMqk9zZpjjNTPu9k8GtlBn9flbPu9Q0jz8GxF/EamLZEbPq10jLnvyDQBUzVoVgqmsIrcOfMsnxq0XerTPM/fcxQkcA2PopeGAtpCVZzCgst70OSSKqnjvHi9VwmFpSC9ggevVOoQ7OXlZlI3kRDqlaswDx+cmymPt//z0h2lkWzOIMeAGV4Spq9h88HGE3kLH4WsBG/OjNh8syCbeYFcyR3VJTfIhBCeZXTVTtDB47pRA+YfX+qIuD9cW/t1LvRxz9NNKbuoBl1MFxfCDYQ0CFAOatWGLUO9UpYq+/qeQTtQwImR84o/RUfJJ84711NSUMi3R3EifmPTVZMEs9UZn5WERsoTBip3EjSjrE/6qpR5JEGelJSDM67WpC1FPfbMlu/ecRk7PF2V3dJV8vbdo9u/kbN8AJeiSyqXgXIOmR5zhlD1CtWLtv3nDR2/yptW/Uk4PDim8uOh3R8CfoSZjknl+AjHGmvZ5ku/ODKSzM3VCMDikFn2D5U3Ajm/yAONjYd16R+6E48eAQoRXEdgAeRGdHxRQdTGIlBW83aQzhsyT/RFQI580ttcL6wwQF8ujqBVWc7tNIfmNvRCz0m8zXeCEYTton12WoUzQEXqBHi9qwaGmTmpQP4yIBA9u7haWoSGL/ZGmPlOygcb1x0RCn+JqRVx393T7+dapGTjajWAcmSHQC7YHNceyT9DfY5Mh5KSVGNuDjCzarp+BuR6mvq3TUjjPa69n1RMODnVzvPPAiVmJUJypI+uLxAZ92mRQl6lEDMkvvKfz3sHeoZaexSZmCygoe2qaqfHGKJ2IwcTXmeGpGNAGVumq3MUWDRUEO5MOs0AdsRR7uDHCJeg4qGtnQWbwyk7RELwgkp5TPRKtzdAsHYiKwemkZWUK/JxxEnY1mt9QRH0xFSOLHmD/+4ZtQcxzeGQSKvk1E9sTPm9DQHJvmjRbD70lkidiwdbZY5HpT6+gH4/4H3xnFbOLDQ+k4+RVQrRI/gJ0lNhaXEzBheDo3G3VwlQzXtudjTnQy+zzFvl1vGlIHfGVBVZ+yozzO1ag/upbMLPpq81deDORSwc0TambDvLUc47H3CrshmCIn+RcUKLTD9E8GkG8Mdk+1ajQEm/Rj/ds4GIlEJoVldTibY7/emAOIFCwi/ZiUN7TCXFzbnInBD5ko0EUXOrscBMS46LhnFZC0s6xQUwI31SaOpAYHJCMJfvIf0l6tN5G4uV2E+hrw3pbhPh4Sz8bYtTV688w6pfIpvG2XfPvJa1GJ7ZcboLOXVq1HVhyW6q+wenT9s4TKlSuWZPAZRnn3Ba/me9jbI7O1GgkKIfYrKA/PoW/8jfx8zSmi9wWio8/MrEaIRrk8NHkwWfajyI4uOsHgyjUaisaIH9UTYSeI+5QIttVhi0CmjiZvb2BmBCXgdKe/hqCOcz9Em21bsatHsGnTcQx8q++vl2FaXh76QhERCahCUB1ofGC/epPE1Fsz0VYhjK0hsMzKgEm6SVUG0lCMLMo7MehrrZZIV9wkMhIYgrvR9WmhJkhuBbxh7IfRKjScrs2gV1c1bvZ/+AHT1NOyVszR/3/e5nu/lVPZjPC4HJKDrB96SwXXSn/PfUF1j0lGib9Ha/sQOb7fVAWQGXmNuoGdtnMQWdF44eqat8WXmKDNn+hWTM+Qespucy64ow2u+rb6xjYux9iw1ynbhdcRBpoYR42EtlKdSaHLWEdcdFbkKJ7h4liQeu4YSj6VJ9bUCK4aqiJncfwHJbcJsKNEfJOq0r82I/NssVoi9vYKXIz0fswqKgo3upx/C2St6vh0blQdK27OdOQgrF766wYtWnuaUG71aAend820wMcklP+VjMzUHa8eagr5t/O0hD/qnpDxBOHoZXyl1LQHZ1nUOmN5nIiut/PeGzFovqH8Unfab74ezUKy1pCO9ySfD+dvktFVCrjPYzXq6R3PAScWZ1ZcybWa3G6FNLdimrJrLSyhVgPoBl7Y7m1St1IjRNzYt8bA8qeiHHtpKCPzyPkfvrHf2oO/5Rz6sKp12E+eDCUXv9JMaruXfGaSmtqn4dydJwI9KgpgMdBzUBC2T9pg5MAsn/hwXzRIyqcY9dSTEvXmtdCS6a5QJ9TAN6aP5deqPBhrjA/yTUrvN1j4Z7oCBaQr/twp52IhJb28ymv8M9znhLbwD6wS24liDyKqx3SgF8C6p5UPJBHOGpmJZ4oQ+aibb5CvpmOx9U9EKtoFxrc9rU0A2nmPPm3WiUMMVKAe0GnyswKpbOMdp6vFzBPFLFaLNMAfUVAGpXFn1PitDUMzdC4cyDZMX9SoW7aPHT4JSCwEL2okeU2VM4V4D1tyBUWps881WQgpASrBv8nsXttejOeaIWDT2FnHqeol5dvFQIJpM/oTVQ0HOZew17f1KJeDhMV/rIQTSXOHEpBCC9yOfBZxf24fZbDeXeN4OVIKzfH9mvbQ7qnXI8fHmyAkjZbLABMQlEgYcuG2qVT0bb2BlWYp10SuudW7a5wBnPJ3z5EmiPj3/oeJg2Rl7EaGyotF63BTPHyWMz66vflV/kMLqo5jRFZtBeXab0hMWMGUgeljCHnSi3Zgm5eUT71VGV8aKnQjqlzNMsMckrfTl4KSbwuRM0ov4C1HbvJTLy6aIXTUB7Hey1k/Iu7RswFZeQle7mMB4CgPLvnzKStGnZGaa7hZLPpkJD+zR9zGmvr+ubu94zpSGuUhGoRSs3VLqidl/njPrjfw4GLnBVKaQp21I4/UyOj9Bbga1FRybBKkuMQYlMJ1s27zTb2el372shOEyyHfEPIFLD54DbHEBQjxPlSmjJDlrcHyGhXTFEYjzrHwD2RWT1ZCx9lvdtqqLeJnGXdHrlj1InWyyELNt2k6Qch93y102v7U1Sa9Ztqk7491Hw0PeD+olvI4AIQz3olG/cHCxWeOGKcvElIGu7Qp/nWww+kVxkZhhgyphFCj+8ECixxAgfqAVjSlzSy6Wg3V6jQ4BXmMvZ87f5AgiklPsFSCp9jFJsLAhihvjKCovTnrVCGmCTqOgjRygctqKXT9VBoAt9YCjSRtudQp9iPCKhARzcHQXCD4WkDRbw0ynf3U6LUKgR5aKUQhoS6wU23Hku0aBUJjjuvYVQjR4JBmYh3dPeVq5hSw2ruSh1Pr2V7LF2VKMnnDXG/Ge+ZDcSmWniukPTJLH6L77beW8MLshK80VmcM53u2q56lGyH5IFk9oDVxHmwK7aC/QUEez3lZAc3CQClZ3rhAnxu/QAQ2/2h3yD5g4jcV4BxIXY0xH2Of02AN/jd8StnVTp0e52KhcCXZC/XaKSjNJwyBz49nOQ5ZLJrTedaT5cD96QgVqinyMWr+UE3uLeu+KPdDTxfwalisD88dC87efRs4PebL4hYVtY4QCDIzU7igbxZn/icUlo2nKhYmdn1CBKxDyEs6C3fsz68rqYD3eXDiFqp+lHI95dQMJ1mX+IAuQzMyiMrJRBPfYzGbidI6lkbngnKIvInz6ik+6YYkmBpy56vjjQg2cH5BdK8qprVVI4ad/O/wsMjxfbjC5IoZcHNC3ZD8QXgj0RPPY/VFd/Rl/W9x5oGieYIfX850WQRmQyqgnfGXVHZHT7c44f8+fNG4ytPQz3oZv5BAjCW6tmh0lzydIvooWOPESr1W9dZKioUhi2T8rCM5AYT2W9aftZj6prkwZ7pWaB4jBn5Dxm4cCyIiSyg+6Y5hFwm1jZ/zxw9z3lUSFuImze5aIdH5faJK+0wHWtvQwC1jCtCVQR9opttsFflRbGftZZmX0+0OGWrT2sf4tLF/7cVVAuXumKTHuL+n/valXnzSh/1n0N7a8WPhO/Cg+xxiMjjbW+PiN+JQjrJcnRps+y1vrNXF/FEjSjn9ES32OTA9AhHtrYxkaVxtA+FYtJvlx5l4lH9qK/6QRFpK1+gOuaAxOdPyh6CCxt4wvx3CSBxIhUtJPobLbvWQN5zUnl/dirUF1ovwM7GBeN05R0sH5BATbBRCQi3Va8Vr1gP4K8PDMnPmDWsVw6xKzl0iZLgGQbw/aa5S1HTk3GxnqglVqkvBDIbRffDaBdr4F5wE9KHLFxRXurNHH76W2mEEcpF2/fMITFveS1hkx3TDOd5+RvFtbUWkKzMK/PXFllx6fVV+lz2I4odIxif26VSCu7zoz4F5Da2tpunl91KUEzTzH/oFFTElKKljVY2qysT2GOtHfJrqO3n5XwOHRr4I7FAwimdsFHxO3AXVA7j6tdYWUfIQUycxh+E1oZssv++VPaxlb1F3tXEjR7o5oNDc+Ox7p/mXiEeaEOYwCd0VOhjdCG/XzhJTqjjmxc6sZIEo4EtVWYlTr/NzH+E9n/h3WAc9/e8xevnKO4qTGkURX9c1PXLdjQGfGNFUVHt/MXS8Xq24NsjbMu/uUFBtLFzvxlVs38J46BxCOVOrlowvFHuLPExOr62CqQDz/lMqh63Ci119SI2Zvxy8wDY2Md3yMEziGwvbuYSVytp10CBFP5PZ/mgXYT7U7t5/BfRaeJTW+l7/yOdH5oRnsOCPhblPSqL8pGSbgJTLPJauCTdgP9tPJDfmHt60ZX+ZELLDWobnwESbBDR+n5eMM/quXGZfz9/0q0lKMLYKuNaL0YGeNQb7eGwtsSAREQlMKIWf3UfO+EdBLmYAeGHWCmWKYh/au4/qlQrsBgcqKvMHm+oOTi4iGElF7eVKxGNcSAZIw2xRNLMX9e6hcDhSVcqf8z5A1YZXdQmCNMD5zBX01du7bwq7CSZKIzypDp8e2DGFfOicyxRDJ+cygPpGM62Cg65opXhNMNeqXpmyjY/cET1AzPCa07vh1hnMRQC84rAvXv/SUTD1XE0V/3nmjPMmOMUrPQt4vBIcVw09p5K5wg3T67oMYprF/2zMUhRjODaqeqqF9zrnneRtt//YBM9j8n4qo48zcS8XQzxHyTomN0INnwj21xOR1NwolrgQjayKdL+otpzWZV+JTUPp5r4DKCTzxeRrwXN4K3UyPBwfsLQ7hirF4aH14e6vps/17XcNjoikasKLICpnLXEjOvkAl2rWv8xi0HNThjg61hkAtY8c4BeF3qKsYkX/wbvtKK0+JwcZ2fk4ENnFVoPHNGOrWHz9eSTy1s4DSxnURXqSS87304ypt2cia2hYh6yVCfZI+AT4raTw38cSqu0YMZyQRf6t//joonCjcs3TGBfg+iDPxPGdhaK6azTrRX4d04SV6BVxflMWNFuTxHZ9Tw6OescodoupL/lc8C8HqAFAg7G5hsB0gPuUbm8RPTzFNE1r2DI+G7oBRnFcTm/dzf7KOjWtXF4+x3N62uDeTCB2Pg5AGWr77vtoUWb6xd/L0Bwl2Y8Uj3JNKT4ohtCsihsVKdSW/DYQYSBDdcDU8bLr/f4p8Rwg9orXEMtBz84dnoEJ9qWQjxYeFo3iRD1d7tzVDalghNF50jSab+ddx19pr/embrtBsGBkQ0/IOtCDTbDj5m5Gmt2XFxCOMIPtXQf7Bk71UKAki7l7Qi8MyK0qqvhE5JcKPSw9erHxif+mSk77GEm0OrgdiZeNxIVtmdWPk4MOz2sPHx6F+HqkAR5ygWminQ358UvdwhjEDUy6Ry76PPMMD+F24JkUOiU1z1E+vV5JjOXiqtB49TfQ4UxFzyDfaUaxi7ae1IwwIIEdC6UPd46EK8HrjifmtY+lTtF9lpbbcP6hsPYyUG18t8grkn+QYk8MvZ0PI3FkW9DyLDyuH+PRQeFoFIV1cFsbqZXRDDBTxXBxEMLXo1y+SOe74ILY5bXELFQ0jTsg3n3GfshkwvAEnGAlW4hJr9pixUYu7SoPUSrHRDlz1MM/9oiuoHtECHXaD0lqnAwcJ1GuuCZKmVI4WRtnJ2cxDLLIbl9JLKSDDovVFne5G9Nd6Tixj5J68fzkXmeTMHh/HlPyHERqFx2HqGYJA/p40apDA/d7wzuDnQFFOY2oZZd6yy5JnVPDN1e137SrLXzDJ4eAJMGmNJyUjea0f7+ouE3Ebw4ysC7clZF8yBtGdnnbRVjcyKQ0j/NajccBUgCfjkskty0XSdjBgwk+2q4qrobKJR6MyYJ2nAx0QmlRB/jlyVvt6d8H6/SDU3UzWx/Sw7V1+2axAzypxVs1Jj4ehcwcXnxQQUtUk9KyHzzfgAYM5iGZffCW0MJHeGXKy6nST2k+GBhr8EzFQRCgd+0qTO4qR07YjuOwV1oXwAxgopnPAX/HN+0H/nM2SoBShJPk8S3jlKXisyInw6oRkNfRnWx5hvqmNm9xyJIj4PFAQBF4WtgIZvM4fo8M/8ssGgCC+FqSuZKk80qsjGA3wHnhyYs5rbS46KJlUE0BocKXDQls2Wm+twyQXllSTTKbVqhdyb9NnEN58vcx3a1kwLj7ZaqfbWBTJBk31+diu0mJfmw4RZMeYyR0uWi4bWmY9ywMr1bvxbqbCIK0HxzfcLhaptE47sdC9DcF61icRmDpiL+BOZR/Y1TXbRGbbZaLtEiVn3bFtWawAPqn0x3FVFFNk6U3h5dg0ZB303+DY/qZ7Rs1AahybG8YZjufVW8mRgmLIogUqpmXNiuTyZKa6ltgTElcLCaKfcXKaok05KJxrrtuSf4AnozBCFlWRja9jM5ade/ADgXsMP3KVeL2X1TlxIfx2vE5pEfJ8HflEib/yJ+FnX7vnLFr1UjeUxq3qR+ehoTB5nwjBmhWDdVwIkdjGgX7HBk7Om1bGrhpfbMJGT7TTWtyvu/aNlz81YvLBAZ0LLxv/N8nm3J/vKs6jR8YtPVq/8t2AHNb5MxzVdvTsUxJf08Lw/dbWgEXZDskEskQYH92auscpGwkOGB6qU5/YjeQl9Nxd0Uduxq4K6Kur2nnJjDxFctr2FMbAWfAu7LWNfniMedrNHdmdMfbDP0SYZ3p1T3u+F4HoLiCXDC/0WKFz8qULQq1XkjS37b+6cGNwdzzTsfvzwNMw1lkHnTFIKOptZ6Or4MRajqVsdl7tNouyB7I8r4yi7Edvt5ZNmSNBAIIQBjPTwlTSs/wRsm97teZWKdLoRXO34EZ4U2Ok6j7JUbiWGIsDrH/FFY4HjwwbRWz4OYHMTHJ+rUzSvwh0VKjrwUgD046ksmZfE5qVTBahecPVlzSAwN6gv6GT5jEV3qubdVnwijzSi88DGPjpkB7frUeN6WlV4qAyRRXH9Vu+ur4R9rtDbua6zrxjamVyPoYXgApKZEE751k4P8aWZgXqRXe1rwvHfoCA0+ysSB/CuX1HMfEnsM8g+4HbsVy4OIgZgvqHTpFsKa7sJkSInlSaE8I5LNuOLcKwjCn2ThuGg29RLv0jcwEvLUyKzp/P1DaEXDllq6DYWXkeZkEj9o6Ufo/ZWYB4QPsnyOMPQ5ssiAmp5lckuAmELa9jn0ToL6MI5q64UT8S933pAZnLK8DrVJZWQIWy9J6JnYrLLz6FmI6c1+a/9QSJDGcl1nX4KkGKMkI2fmadsBimqmaQvDxVeJAIJz5AWBCuFG7DoDdT4Ul9j4fU2/GhAagL6EI0D2EJb29gQpvsyl9l3nUu6WsAnJqcljStWCOoaKnwhBAnVdnM78sgCLG8Lr9F84WqVdsLM7PzzAOmkZU1LURa1p5abXtOzveF0Fa21ivIqZ+FdL7zcDWYRxHo1Es/8x3RxHhZeyOC1PbHOTAoYAqkNrFfQGgVBq0QNRHJDH7vf9TyRWzCd1l2gpRSEN0P0AW+4UGb9HSf8HEcw1FHVSo7DiW8D/8C1xmDhP6QlDv7q7E3dhpyo7RdU/yHWhO3OORmR3gXy6RjeqiAtCkUk/QxiS8ZJSYa5AOWP1kMrhgxjVfBDqyGPSz75SxqLlUU8hBix/9/xOEuk/fP3EiTBiIcqmRO0El0tWE4pclTvmOZOPT7SGERU4qjU1jTL8+xVHNY/wCXhTlG+321x54NejzUoKhCsFyXrHAibjsQZ8nlGPMA6Vu8enMqqTy3uHi1mqLHUJP093jeL0wD86m2xuwmIDnIH2sB1KuGSznizaVe5WUZdZ0Eo15mWoL9GNLKe4EtW3jaJGo9jP7/CC+zd5KdYQXgKb95Nhh6uu+6G4NmkW9C2kISQ0Z+dIkMErCV833oUuVc6JvLPNmrFjwCYrHZidLNkVoTZuZKnaozSPEankWVJIqOcPZIrOeNey3Sf/Nf7XEuPgm455kyrkk+WDTuXsa/rJLxG2VAIRUDZG3+AigCSX1QEcqrc69RZT3L+vx0LZSj7+DwL3QrSTMh1+mhTjHy7rL+pdyLJG15GKLC2ikSLSba+61+ygOdihIHOPZJGLJ65BEEx2ZiVIjhkXswmvkeIllx1aBVxmuxCjEhz1Ys7+/RNadtRPidrSfHlgqAQmMEbQqkPP8QP+0vYDfWqDToV8us8mdlKovoDYFGhp8jhddd8gkyEYD+I6knBH5IxEqEYtK4PaxlR3NyU9L+m3zpCdD7lYhNcPu/WcLpSH9DADw8egv4p8PgiDgU6rnydLA9l9jyUg2By2VCL75nLJKu2DbRANebnyY+WJC1yiDxEUezSfPbpZLXmMj99U7xa1Fm92ZwCSmctV9vzQ6UMuOrsAjbyN//QBNxFzuj1GnCHyU3EBFqbfWdM9jqL49tDIllIOWUf4xNgDNViSuVNtUaXtEmElhsoPfMc3yHZvW0RMd5fDK8Lc2T4ijIIZg8hV8+62BfEQN1nefcUFZ6YT3mloAtnzb1k2c6Ds3VOymXgf2OxgDHqt1XI/vjzoKlHW/BHtjEDA64BEUMEwPNx/QXDR1IjnSQJoP0iI2ylPDSu4n4zIVqqExk8Mj4B/FyZ9l1aeej+GmkmWa6TUl/6cKdrkBUfhAuFGfA2P47Pesy7spCp7xAtkxvDnEZa1cfBeX76JMT5HgqgiWG+SQjEwveOi20fF7NxvdhvMqk9zZpjjNTPu9k8GtlBn9flbPu9Q0jz8GxF/EamLZEbPq10jLnvyDQBUzVoVgqmsIrcOfMsnxq0XerTPM/fcxQkcA2PopeGAtpCVZzCgst70OSSKqnjvHi9VwmFpSC9ggevVOoQ7OXlZlI3kRDqlaswDx+cmymPt//z0h2lkWzOIMeAGV4Spq9h88HGE3kLH4WsBG/OjNh8syCbeYFcyR3VJTfIhBCeZXTVTtDB47pRA+YfX+qIuD9cW/t1LvRxz9NNKbuoBl1MFxfCDYQ0CFAOatWGLUO9UpYq+/qeQTtQwImR84o/RUfJJ84711NSUMi3R3EifmPTVZMEs9UZn5WERsoTBip3EjSjrE/6qpR5JEGelJSDM67WpC1FPfbMlu/ecRk7PF2V3dJV8vbdo9u/kbN8AJeiSyqXgXIOmR5zhlD1CtWLtv3nDR2/yptW/Uk4PDim8uOh3R8CfoSZjknl+AjHGmvZ5ku/ODKSzM3VCMDikFn2D5U3Ajm/yAONjYd16R+6E48eAQoRXEdgAeRGdHxRQdTGIlBW83aQzhsyT/RFQI580ttcL6wwQF8ujqBVWc7tNIfmNvRCz0m8zXeCEYTton12WoUzQEXqBHi9qwaGmTmpQP4yIBA9u7haWoSGL/ZGmPlOygcb1x0RCn+JqRVx393T7+dapGTjajWAcmSHQC7YHNceyT9DfY5Mh5KSVGNuDjCzarp+BuR6mvq3TUjjPa69n1RMODnVzvPPAiVmJUJypI+uLxAZ92mRQl6lEDMkvvKfz3sHeoZaexSZmCygoe2qaqfHGKJ2IwcTXmeGpGNAGVumq3MUWDRUEO5MOs0AdsRR7uDHCJeg4qGtnQWbwyk7RELwgkp5TPRKtzdAsHYiKwemkZWUK/JxxEnY1mt9QRH0xFSOLHmD/+4ZtQcxzeGQSKvk1E9sTPm9DQHJvmjRbD70lkidiwdbZY5HpT6+gH4/4H3xnFbOLDQ+k4+RVQrRI/gJ0lNhaXEzBheDo3G3VwlQzXtudjTnQy+zzFvl1vGlIHfGVBVZ+yozzO1ag/upbMLPpq81deDORSwc0TambDvLUc47H3CrshmCIn+RcUKLTD9E8GkG8Mdk+1ajQEm/Rj/ds4GIlEJoVldTibY7/emAOIFCwi/ZiUN7TCXFzbnInBD5ko0EUXOrscBMS46LhnFZC0s6xQUwI31SaOpAYHJCMJfvIf0l6tN5G4uV2E+hrw3pbhPh4Sz8bYtTV688w6pfIpvG2XfPvJa1GJ7ZcboLOXVq1HVhyW6q+wenT9s4TKlSuWZPAZRnn3Ba/me9jbI7O1GgkKIfYrKA/PoW/8jfx8zSmi9wWio8/MrEaIRrk8NHkwWfajyI4uOsHgyjUaisaIH9UTYSeI+5QIttVhi0CmjiZvb2BmBCXgdKe/hqCOcz9Em21bsatHsGnTcQx8q++vl2FaXh76QhERCahCUB1ofGC/epPE1Fsz0VYhjK0hsMzKgEm6SVUG0lCMLMo7MehrrZZIV9wkMhIYgrvR9WmhJkhuBbxh7IfRKjScrs2gV1c1bvZ/+AHT1NOyVszR/3/e5nu/lVPZjPC4HJKDrB96SwXXSn/PfUF1j0lGib9Ha/sQOb7fVAWQGXmNuoGdtnMQWdF44eqat8WXmKDNn+hWTM+Qespucy64ow2u+rb6xjYux9iw1ynbhdcRBpoYR42EtlKdSaHLWEdcdFbkKJ7h4liQeu4YSj6VJ9bUCK4aqiJncfwHJbcJsKNEfJOq0r82I/NssVoi9vYKXIz0fswqKgo3upx/C2St6vh0blQdK27OdOQgrF766wYtWnuaUG71aAend820wMcklP+VjMzUHa8eagr5t/O0hD/qnpDxBOHoZXyl1LQHZ1nUOmN5nIiut/PeGzFovqH8Unfab74ezUKy1pCO9ySfD+dvktFVCrjPYzXq6R3PAScWZ1ZcybWa3G6FNLdimrJrLSyhVgPoBl7Y7m1St1IjRNzYt8bA8qeiHHtpKCPzyPkfvrHf2oO/5Rz6sKp12E+eDCUXv9JMaruXfGaSmtqn4dydJwI9KgpgMdBzUBC2T9pg5MAsn/hwXzRIyqcY9dSTEvXmtdCS6a5QJ9TAN6aP5deqPBhrjA/yTUrvN1j4Z7oCBaQr/twp52IhJb28ymv8M9znhLbwD6wS24liDyKqx3SgF8C6p5UPJBHOGpmJZ4oQ+aibb5CvpmOx9U9EKtoFxrc9rU0A2nmPPm3WiUMMVKAe0GnyswKpbOMdp6vFzBPFLFaLNMAfUVAGpXFn1PitDUMzdC4cyDZMX9SoW7aPHT4JSCwEL2okeU2VM4V4D1tyBUWps881WQgpASrBv8nsXttejOeaIWDT2FnHqeol5dvFQIJpM/oTVQ0HOZew17f1KJeDhMV/rIQTSXOHEpBCC9yOfBZxf24fZbDeXeN4OVIKzfH9mvbQ7qnXI8fHmyAkjZbLABMQlEgYcuG2qVT0bb2BlWYp10SuudW7a5wBnPJ3z5EmiPj3/oeJg2Rl7EaGyotF63BTPHyWMz66vflV/kMLqo5jRFZtBeXab0hMWMGUgeljCHnSi3Zgm5eUT71VGV8aKnQjqlzNMsMckrfTl4KSbwuRM0ov4C1HbvJTLy6aIXTUB7Hey1k/Iu7RswFZeQle7mMB4CgPLvnzKStGnZGaa7hZLPpkJD+zR9zGmvr+ubu94zpSGuUhGoRSs3VLqidl/njPrjfw4GLnBVKaQp21I4/UyOj9Bbga1FRybBKkuMQYlMJ1s27zTb2el372shOEyyHfEPIFLD54DbHEBQjxPlSmjJDlrcHyGhXTFEYjzrHwD2RWT1ZCx9lvdtqqLeJnGXdHrlj1InWyyELNt2k6Qch93y102v7U1Sa9Ztqk7491Hw0PeD+olvI4AIQz3olG/cHCxWeOGKcvElIGu7Qp/nWww+kVxkZhhgyphFCj+8ECixxAgfqAVjSlzSy6Wg3V6jQ4BXmMvZ87f5AgiklPsFSCp9jFJsLAhihvjKCovTnrVCGmCTqOgjRygctqKXT9VBoAt9YCjSRtudQp9iPCKhARzcHQXCD4WkDRbw0ynf3U6LUKgR5aKUQhoS6wU23Hku0aBUJjjuvYVQjR4JBmYh3dPeVq5hSw2ruSh1Pr2V7LF2VKMnnDXG/Ge+ZDcSmWniukPTJLH6L77beW8MLshK80VmcM53u2q56lGyH5IFk9oDVxHmwK7aC/QUEez3lZAc3CQClZ3rhAnxu/QAQ2/2h3yD5g4jcV4BxIXY0xH2Of02AN/jd8StnVTp0e52KhcCXZC/XaKSjNJwyBz49nOQ5ZLJrTedaT5cD96QgVqinyMWr+UE3uLeu+KPdDTxfwalisD88dC87efRs4PebL4hYVtY4QCDIzU7igbxZn/icUlo2nKhYmdn1CBKxDyEs6C3fsz68rqYD3eXDiFqp+lHI95dQMJ1mX+IAuQzMyiMrJRBPfYzGbidI6lkbngnKIvInz6ik+6YYkmBpy56vjjQg2cH5BdK8qprVVI4ad/O/wsMjxfbjC5IoZcHNC3ZD8QXgj0RPPY/VFd/Rl/W9x5oGieYIfX850WQRmQyqgnfGXVHZHT7c44f8+fNG4ytPQz3oZv5BAjCW6tmh0lzydIvooWOPESr1W9dZKioUhi2T8rCM5AYT2W9aftZj6prkwZ7pWaB4jBn5Dxm4cCyIiSyg+6Y5hFwm1jZ/zxw9z3lUSFuImze5aIdH5faJK+0wHWtvQwC1jCtCVQR9opttsFflRbGftZZmX0+0OGWrT2sf4tLF/7cVVAuXumKTHuL+n/valXnzSh/1n0N7a8WPhO/Cg+xxiMjjbW+PiN+JQjrJcnRps+y1vrNXF/FEjSjn9ES32OTA9AhHtrYxkaVxtA+FYtJvlx5l4lH9qK/6QRFpK1+gOuaAxOdPyh6CCxt4wvx3CSBxIhUtJPobLbvWQN5zUnl/dirUF1ovwM7GBeN05R0sH5BATbBRCQi3Va8Vr1gP4K8PDMnPmDWsVw6xKzl0iZLgGQbw/aa5S1HTk3GxnqglVqkvBDIbRffDaBdr4F5wE9KHLFxRXurNHH76W2mEEcpF2/fMITFveS1hkx3TDOd5+RvFtbUWkKzMK/PXFllx6fVV+lz2I4odIxif26VSCu7zoz4F5Da2tpunl91KUEzTzH/oFFTElKKljVY2qysT2GOtHfJrqO3n5XwOHRr4I7FAwimdsFHxO3AXVA7j6tdYWUfIQUycxh+E1oZssv++VPaxlb1F3tXEjR7o5oNDc+Ox7p/mXiEeaEOYwCd0VOhjdCG/XzhJTqjjmxc6sZIEo4EtVWYlTr/NzH+E9n/h3WAc9/e8xevnKO4qTGkURX9c1PXLdjQGfGNFUVHt/MXS8Xq24NsjbMu/uUFBtLFzvxlVs38J46BxCOVOrlowvFHuLPExOr62CqQDz/lMqh63Ci119SI2Zvxy8wDY2Md3yMEziGwvbuYSVytp10CBFP5PZ/mgXYT7U7t5/BfRaeJTW+l7/yOdH5oRnsOCPhblPSqL8pGSbgJTLPJauCTdgP9tPJDfmHt60ZX+ZELLDWobnwESbBDR+n5eMM/quXGZfz9/0q0lKMLYKuNaL0YGeNQb7eGwtsSAREQlMKIWf3UfO+EdBLmYAeGHWCmWKYh/au4/qlQrsBgcqKvMHm+oOTi4iGElF7eVKxGNcSAZIw2xRNLMX9e6hcDhSVcqf8z5A1YZXdQmCNMD5zBX01du7bwq7CSZKIzypDp8e2DGFfOicyxRDJ+cygPpGM62Cg65opXhNMNeqXpmyjY/cET1AzPCa07vh1hnMRQC84rAvXv/SUTD1XE0V/3nmjPMmOMUrPQt4vBIcVw09p5K5wg3T67oMYprF/2zMUhRjODaqeqqF9zrnneRtt//YBM9j8n4qo48zcS8XQzxHyTomN0INnwj21xOR1NwolrgQjayKdL+otpzWZV+JTUPp5r4DKCTzxeRrwXN4K3UyPBwfsLQ7hirF4aH14e6vps/17XcNjoikasKLICpnLXEjOvkAl2rWv8xi0HNThjg61hkAtY8c4BeF3qKsYkX/wbvtKK0+JwcZ2fk4ENnFVoPHNGOrWHz9eSTy1s4DSxnURXqSS87304ypt2cia2hYh6yVCfZI+AT4raTw38cSqu0YMZyQRf6t//joonCjcs3TGBfg+iDPxPGdhaK6azTrRX4d04SV6BVxflMWNFuTxHZ9Tw6OescodoupL/lc8C8HqAFAg7G5hsB0gPuUbm8RPTzFNE1r2DI+G7oBRnFcTm/dzf7KOjWtXF4+x3N62uDeTCB2Pg5AGWr77vtoUWb6xd/L0Bwl2Y8Uj3JNKT4ohtCsihsVKdSW/DYQYSBDdcDU8bLr/f4p8Rwg9orXEMtBz84dnoEJ9qWQjxYeFo3iRD1d7tzVDalghNF50jSab+ddx19pr/embrtBsGBkQ0/IOtCDTbDj5m5Gmt2XFxCOMIPtXQf7Bk71UKAki7l7Qi8MyK0qqvhE5JcKPSw9erHxif+mSk77GEm0OrgdiZeNxIVtmdWPk4MOz2sPHx6F+HqkAR5ygWminQ358UvdwhjEDUy6Ry76PPMMD+F24JkUOiU1z1E+vV5JjOXiqtB49TfQ4UxFzyDfaUaxi7ae1IwwIIEdC6UPd46EK8HrjifmtY+lTtF9lpbbcP6hsPYyUG18t8grkn+QYk8MvZ0PI3FkW9DyLDyuH+PRQeFoFIV1cFsbqZXRDDBTxXBxEMLXo1y+SOe74ILY5bXELFQ0jTsg3n3GfshkwvAEnGAlW4hJr9pixUYu7SoPUSrHRDlz1MM/9oiuoHtECHXaD0lqnAwcJ1GuuCZKmVI4WRtnJ2cxDLLIbl9JLKSDDovVFne5G9Nd6Tixj5J68fzkXmeTMHh/HlPyHERqFx2HqGYJA/p40apDA/d7wzuDnQFFOY2oZZd6yy5JnVPDN1e137SrLXzDJ4eAJMGmNJyUjea0f7+ouE3Ebw4ysC7clZF8yBtGdnnbRVjcyKQ0j/NajccBUgCfjkskty0XSdjBgwk+2q4qrobKJR6MyYJ2nAx0QmlRB/jlyVvt6d8H6/SDU3UzWx/Sw7V1+2axAzypxVs1Jj4ehcwcXnxQQUtUk9KyHzzfgAYM5iGZffCW0MJHeGXKy6nST2k+GBhr8EzFQRCgd+0qTO4qR07YjuOwV1oXwAxgopnPAX/HN+0H/nM2SoBShJPk8S3jlKXisyInw6oRkNfRnWx5hvqmNm9xyJIj4PFAQBF4WtgIZvM4fo8M/8ssGgCC+FqSuZKk80qsjGA3wHnhyYs5rbS46KJlUE0BocKXDQls2Wm+twyQXllSTTKbVqhdyb9NnEN58vcx3a1kwLj7ZaqfbWBTJBk31+diu0mJfmw4RZMeYyR0uWi4bWmY9ywMr1bvxbqbCIK0HxzfcLhaptE47sdC9DcF61icRmDpiL+BOZR/Y1TXbRGbbZaLtEiVn3bFtWawAPqn0x3FVFFNk6U3h5dg0ZB303+DY/qZ7Rs1AahybG8YZjufVW8mRgmLIogUqpmXNiuTyZKa6ltgTElcLCaKfcXKaok05KJxrrtuSf4AnozBCFlWRja9jM5ade/ADgXsMP3KVeL2X1TlxIfx2vE5pEfJ8HflEib/yJ+FnX7vnLFr1UjeUxq3qR+ehoTB5nwjBmhWDdVwIkdjGgX7HBk7Om1bGrhpfbMJGT7TTWtyvu/aNlz81YvLBAZ0LLxv/N8nm3J/vKs6jR8YtPVq/8t2AHNb5MxzVdvTsUxJf08Lw/dbWgEXZDskEskQYH92auscpGwkOGB6qU5/YjeQl9Nxd0Uduxq4K6Kur2nnJjDxFctr2FMbAWfAu7LWNfniMedrNHdmdMfbDP0SYZ3p1T3u+F4HoLiCXDC/0WKFz8qULQq1XkjS37b+6cGNwdzzTsfvzwNMw1lkHnTFIKOptZ6Or4MRajqVsdl7tNouyB7I8r4yi7Edvt5ZNmSNBAIIQBjPTwlTSs/wRsm97teZWKdLoRXO34EZ4U2Ok6j7JUbiWGIsDrH/FFY4HjwwbRWz4OYHMTHJ+rUzSvwh0VKjrwUgD046ksmZfE5qVTBahecPVlzSAwN6gv6GT5jEV3qubdVnwijzSi88DGPjpkB7frUeN6WlV4qAyRRXH9Vu+ur4R9rtDbua6zrxjamVyPoYXgApKZEE751k4P8aWZgXqRXe1rwvHfoCA0+ysSB/CuX1HMfEnsM8g+4HbsVy4OIgZgvqHTpFsKa7sJkSInlSaE8I5LNuOLcKwjCn2ThuGg29RLv0jcwEvLUyKzp/P1DaEXDllq6DYWXkeZkEj9o6Ufo/ZWYB4QPsnyOMPQ5ssiAmp5lckuAmELa9jn0ToL6MI5q64UT8S933pAZnLK8DrVJZWQIWy9J6JnYrLLz6FmI6c1+a/9QSJDGcl1nX4KkGKMkI2fmadsBimqmaQvDxVeJAIJz5AWBCuFG7DoDdT4Ul9j4fU2/GhAagL6EI0D2EJb29gQpvsyl9l3nUu6WsAnJqcljStWCOoaKnwhBAnVdnM78sgCLG8Lr9F84WqVdsLM7PzzAOmkZU1LURa1p5abXtOzveF0Fa21ivIqZ+FdL7zcDWYRxHo1Es/8x3RxHhZeyOC1PbHOTAoYAqkNrFfQGgVBq0QNRHJDH7vf9TyRWzCd1l2gpRSEN0P0AW+4UGb9HSf8HEcw1FHVSo7DiW8D/8C1xmDhP6QlDv7q7E3dhpyo7RdU/yHWhO3OORmR3gXy6RjeqiAtCkUk/QxiS8ZJSYa5AOWP1kMrhgxjVfBDqyGPSz75SxqLlUU8hBix/9/xOEuk/fP3EiTBiIcqmRO0El0tWE4pclTvmOZOPT7SGERU4qjU1jTL8+xVHNY/wCXhTlG+321x54NejzUoKhCsFyXrHAibjsQZ8nlGPMA6Vu8enMqqTy3uHi1mqLHUJP093jeL0wD86m2xuwmIDnIH2sB1KuGSznizaVe5WUZdZ0Eo15mWoL9GNLKe4EtW3jaJGo9jP7/CC+zd5KdYQXgKb95Nhh6uu+6G4NmkW9C2kISQ0Z+dIkMErCV833oUuVc6JvLPNmrFjwCYrHZidLNkVoTZuZKnaozSPEankWVJIqOcPZIrOeNey3Sf/Nf7XEuPgm455kyrkk+WDTuXsa/rJLxG2VAIRUDZG3+AigCSX1QEcqrc69RZT3L+vx0LZSj7+DwL3QrSTMh1+mhTjHy7rL+pdyLJG15GKLC2ikSLSba+61+ygOdihIHOPZJGLJ65BEEx2ZiVIjhkXswmvkeIllx1aBVxmuxCjEhz1Ys7+/RNadtRPidrSfHlgqAQmMEbQqkPP8QP+0vYDfWqDToV8us8mdlKovoDYFGhp8jhddd8gkyEYD+I6knBH5IxEqEYtK4PaxlR3NyU9L+m3zpCdD7lYhNcPu/WcLpSH9DADw8egv4p8PgiDgU6rnydLA9l9jyUg2By2VCL75nLJKu2DbRANebnyY+WJC1yiDxEUezSfPbpZLXmMj99U7xa1Fm92ZwCSmctV9vzQ6UMuOrsAjbyN//QBNxFzuj1GnCHyU3EBFqbfWdM9jqL49tDIllIOWUf4xNgDNViSuVNtUaXtEmElhsoPfMc3yHZvW0RMd5fDK8Lc2T4ijIIZg8hV8+62BfEQN1nefcUFZ6YT3mloAtnzb1k2c6Ds3VOymXgf2OxgDHqt1XI/vjzoKlHW/BHtjEDA64BEUMEwPNx/QXDR1IjnSQJoP0iI2ylPDSu4n4zIVqqExk8Mj4B/FyZ9l1aeej+GmkmWa6TUl/6cKdrkBUfhAuFGfA2P47Pesy7spCp7xAtkxvDnEZa1cfBeX76JMT5HgqgiWG+SQjEwveOi20fF7NxvdhvMqk9zZpjjNTPu9k8GtlBn9flbPu9Q0jz8GxF/EamLZEbPq10jLnvyDQBUzVoVgqmsIrcOfMsnxq0XerTPM/fcxQkcA2PopeGAtpCVZzCgst70OSSKqnjvHi9VwmFpSC9ggevVOoQ7OXlZlI3kRDqlaswDx+cmymPt//z0h2lkWzOIMeAGV4Spq9h88HGE3kLH4WsBG/OjNh8syCbeYFcyR3VJTfIhBCeZXTVTtDB47pRA+YfX+qIuD9cW/t1LvRxz9NNKbuoBl1MFxfCDYQ0CFAOatWGLUO9UpYq+/qeQTtQwImR84o/RUfJJ84711NSUMi3R3EifmPTVZMEs9UZn5WERsoTBip3EjSjrE/6qpR5JEGelJSDM67WpC1FPfbMlu/ecRk7PF2V3dJV8vbdo9u/kbN8AJeiSyqXgXIOmR5zhlD1CtWLtv3nDR2/yptW/Uk4PDim8uOh3R8CfoSZjknl+AjHGmvZ5ku/ODKSzM3VCMDikFn2D5U3Ajm/yAONjYd16R+6E48eAQoRXEdgAeRGdHxRQdTGIlBW83aQzhsyT/RFQI580ttcL6wwQF8ujqBVWc7tNIfmNvRCz0m8zXeCEYTton12WoUzQEXqBHi9qwaGmTmpQP4yIBA9u7haWoSGL/ZGmPlOygcb1x0RCn+JqRVx393T7+dapGTjajWAcmSHQC7YHNceyT9DfY5Mh5KSVGNuDjCzarp+BuR6mvq3TUjjPa69n1RMODnVzvPPAiVmJUJypI+uLxAZ92mRQl6lEDMkvvKfz3sHeoZaexSZmCygoe2qaqfHGKJ2IwcTXmeGpGNAGVumq3MUWDRUEO5MOs0AdsRR7uDHCJeg4qGtnQWbwyk7RELwgkp5TPRKtzdAsHYiKwemkZWUK/JxxEnY1mt9QRH0xFSOLHmD/+4ZtQcxzeGQSKvk1E9sTPm9DQHJvmjRbD70lkidiwdbZY5HpT6+gH4/4H3xnFbOLDQ+k4+RVQrRI/gJ0lNhaXEzBheDo3G3VwlQzXtudjTnQy+zzFvl1vGlIHfGVBVZ+yozzO1ag/upbMLPpq81deDORSwc0TambDvLUc47H3CrshmCIn+RcUKLTD9E8GkG8Mdk+1ajQEm/Rj/ds4GIlEJoVldTibY7/emAOIFCwi/ZiUN7TCXFzbnInBD5ko0EUXOrscBMS46LhnFZC0s6xQUwI31SaOpAYHJCMJfvIf0l6tN5G4uV2E+hrw3pbhPh4Sz8bYtTV688w6pfIpvG2XfPvJa1GJ7ZcboLOXVq1HVhyW6q+wenT9s4TKlSuWZPAZRnn3Ba/me9jbI7O1GgkKIfYrKA/PoW/8jfx8zSmi9wWio8/MrEaIRrk8NHkwWfajyI4uOsHgyjUaisaIH9UTYSeI+5QIttVhi0CmjiZvb2BmBCXgdKe/hqCOcz9Em21bsatHsGnTcQx8q++vl2FaXh76QhERCahCUB1ofGC/epPE1Fsz0VYhjK0hsMzKgEm6SVUG0lCMLMo7MehrrZZIV9wkMhIYgrvR9WmhJkhuBbxh7IfRKjScrs2gV1c1bvZ/+AHT1NOyVszR/3/e5nu/lVPZjPC4HJKDrB96SwXXSn/PfUF1j0lGib9Ha/sQOb7fVAWQGXmNuoGdtnMQWdF44eqat8WXmKDNn+hWTM+Qespucy64ow2u+rb6xjYux9iw1ynbhdcRBpoYR42EtlKdSaHLWEdcdFbkKJ7h4liQeu4YSj6VJ9bUCK4aqiJncfwHJbcJsKNEfJOq0r82I/NssVoi9vYKXIz0fswqKgo3upx/C2St6vh0blQdK27OdOQgrF766wYtWnuaUG71aAend820wMcklP+VjMzUHa8eagr5t/O0hD/qnpDxBOHoZXyl1LQHZ1nUOmN5nIiut/PeGzFovqH8Unfab74ezUKy1pCO9ySfD+dvktFVCrjPYzXq6R3PAScWZ1ZcybWa3G6FNLdimrJrLSyhVgPoBl7Y7m1St1IjRNzYt8bA8qeiHHtpKCPzyPkfvrHf2oO/5Rz6sKp12E+eDCUXv9JMaruXfGaSmtqn4dydJwI9KgpgMdBzUBC2T9pg5MAsn/hwXzRIyqcY9dSTEvXmtdCS6a5QJ9TAN6aP5deqPBhrjA/yTUrvN1j4Z7oCBaQr/twp52IhJb28ymv8M9znhLbwD6wS24liDyKqx3SgF8C6p5UPJBHOGpmJZ4oQ+aibb5CvpmOx9U9EKtoFxrc9rU0A2nmPPm3WiUMMVKAe0GnyswKpbOMdp6vFzBPFLFaLNMAfUVAGpXFn1PitDUMzdC4cyDZMX9SoW7aPHT4JSCwEL2okeU2VM4V4D1tyBUWps881WQgpASrBv8nsXttejOeaIWDT2FnHqeol5dvFQIJpM/oTVQ0HOZew17f1KJeDhMV/rIQTSXOHEpBCC9yOfBZxf24fZbDeXeN4OVIKzfH9mvbQ7qnXI8fHmyAkjZbLABMQlEgYcuG2qVT0bb2BlWYp10SuudW7a5wBnPJ3z5EmiPj3/oeJg2Rl7EaGyotF63BTPHyWMz66vflV/kMLqo5jRFZtBeXab0hMWMGUgeljCHnSi3Zgm5eUT71VGV8aKnQjqlzNMsMckrfTl4KSbwuRM0ov4C1HbvJTLy6aIXTUB7Hey1k/Iu7RswFZeQle7mMB4CgPLvnzKStGnZGaa7hZLPpkJD+zR9zGmvr+ubu94zpSGuUhGoRSs3VLqidl/njPrjfw4GLnBVKaQp21I4/UyOj9Bbga1FRybBKkuMQYlMJ1s27zTb2el372shOEyyHfEPIFLD54DbHEBQjxPlSmjJDlrcHyGhXTFEYjzrHwD2RWT1ZCx9lvdtqqLeJnGXdHrlj1InWyyELNt2k6Qch93y102v7U1Sa9Ztqk7491Hw0PeD+olvI4AIQz3olG/cHCxWeOGKcvElIGu7Qp/nWww+kVxkZhhgyphFCj+8ECixxAgfqAVjSlzSy6Wg3V6jQ4BXmMvZ87f5AgiklPsFSCp9jFJsLAhihvjKCovTnrVCGmCTqOgjRygctqKXT9VBoAt9YCjSRtudQp9iPCKhARzcHQXCD4WkDRbw0ynf3U6LUKgR5aKUQhoS6wU23Hku0aBUJjjuvYVQjR4JBmYh3dPeVq5hSw2ruSh1Pr2V7LF2VKMnnDXG/Ge+ZDcSmWniukPTJLH6L77beW8MLshK80VmcM53u2q56lGyH5IFk9oDVxHmwK7aC/QUEez3lZAc3CQClZ3rhAnxu/QAQ2/2h3yD5g4jcV4BxIXY0xH2Of02AN/jd8StnVTp0e52KhcCXZC/XaKSjNJwyBz49nOQ5ZLJrTedaT5cD96QgVqinyMWr+UE3uLeu+KPdDTxfwalisD88dC87efRs4PebL4hYVtY4QCDIzU7igbxZn/icUlo2nKhYmdn1CBKxDyEs6C3fsz68rqYD3eXDiFqp+lHI95dQMJ1mX+IAuQzMyiMrJRBPfYzGbidI6lkbngnKIvInz6ik+6YYkmBpy56vjjQg2cH5BdK8qprVVI4ad/O/wsMjxfbjC5IoZcHNC3ZD8QXgj0RPPY/VFd/Rl/W9x5oGieYIfX850WQRmQyqgnfGXVHZHT7c44f8+fNG4ytPQz3oZv5BAjCW6tmh0lzydIvooWOPESr1W9dZKioUhi2T8rCM5AYT2W9aftZj6prkwZ7pWaB4jBn5Dxm4cCyIiSyg+6Y5hFwm1jZ/zxw9z3lUSFuImze5aIdH5faJK+0wHWtvQwC1jCtCVQR9opttsFflRbGftZZmX0+0OGWrT2sf4tLF/7cVVAuXumKTHuL+n/valXnzSh/1n0N7a8WPhO/Cg+xxiMjjbW+PiN+JQjrJcnRps+y1vrNXF/FEjSjn9ES32OTA9AhHtrYxkaVxtA+FYtJvlx5l4lH9qK/6QRFpK1+gOuaAxOdPyh6CCxt4wvx3CSBxIhUtJPobLbvWQN5zUnl/dirUF1ovwM7GBeN05R0sH5BATbBRCQi3Va8Vr1gP4K8PDMnPmDWsVw6xKzl0iZLgGQbw/aa5S1HTk3GxnqglVqkvBDIbRffDaBdr4F5wE9KHLFxRXurNHH76W2mEEcpF2/fMITFveS1hkx3TDOd5+RvFtbUWkKzMK/PXFllx6fVV+lz2I4odIxif26VSCu7zoz4F5Da2tpunl91KUEzTzH/oFFTElKKljVY2qysT2GOtHfJrqO3n5XwOHRr4I7FAwimdsFHxO3AXVA7j6tdYWUfIQUycxh+E1oZssv++VPaxlb1F3tXEjR7o5oNDc+Ox7p/mXiEeaEOYwCd0VOhjdCG/XzhJTqjjmxc6sZIEo4EtVWYlTr/NzH+E9n/h3WAc9/e8xevnKO4qTGkURX9c1PXLdjQGfGNFUVHt/MXS8Xq24NsjbMu/uUFBtLFzvxlVs38J46BxCOVOrlowvFHuLPExOr62CqQDz/lMqh63Ci119SI2Zvxy8wDY2Md3yMEziGwvbuYSVytp10CBFP5PZ/mgXYT7U7t5/BfRaeJTW+l7/yOdH5oRnsOCPhblPSqL8pGSbgJTLPJauCTdgP9tPJDfmHt60ZX+ZELLDWobnwESbBDR+n5eMM/quXGZfz9/0q0lKMLYKuNaL0YGeNQb7eGwtsSAREQlMKIWf3UfO+EdBLmYAeGHWCmWKYh/au4/qlQrsBgcqKvMHm+oOTi4iGElF7eVKxGNcSAZIw2xRNLMX9e6hcDhSVcqf8z5A1YZXdQmCNMD5zBX01du7bwq7CSZKIzypDp8e2DGFfOicyxRDJ+cygPpGM62Cg65opXhNMNeqXpmyjY/cET1AzPCa07vh1hnMRQC84rAvXv/SUTD1XE0V/3nmjPMmOMUrPQt4vBIcVw09p5K5wg3T67oMYprF/2zMUhRjODaqeqqF9zrnneRtt//YBM9j8n4qo48zcS8XQzxHyTomN0INnwj21xOR1NwolrgQjayKdL+otpzWZV+JTUPp5r4DKCTzxeRrwXN4K3UyPBwfsLQ7hirF4aH14e6vps/17XcNjoikasKLICpnLXEjOvkAl2rWv8xi0HNThjg61hkAtY8c4BeF3qKsYkX/wbvtKK0+JwcZ2fk4ENnFVoPHNGOrWHz9eSTy1s4DSxnURXqSS87304ypt2cia2hYh6yVCfZI+AT4raTw38cSqu0YMZyQRf6t//joonCjcs3TGBfg+iDPxPGdhaK6azTrRX4d04SV6BVxflMWNFuTxHZ9Tw6OescodoupL/lc8C8HqAFAg7G5hsB0gPuUbm8RPTzFNE1r2DI+G7oBRnFcTm/dzf7KOjWtXF4+x3N62uDeTCB2Pg5AGWr77vtoUWb6xd/L0Bwl2Y8Uj3JNKT4ohtCsihsVKdSW/DYQYSBDdcDU8bLr/f4p8Rwg9orXEMtBz84dnoEJ9qWQjxYeFo3iRD1d7tzVDalghNF50jSab+ddx19pr/embrtBsGBkQ0/IOtCDTbDj5m5Gmt2XFxCOMIPtXQf7Bk71UKAki7l7Qi8MyK0qqvhE5JcKPSw9erHxif+mSk77GEm0OrgdiZeNxIVtmdWPk4MOz2sPHx6F+HqkAR5ygWminQ358UvdwhjEDUy6Ry76PPMMD+F24JkUOiU1z1E+vV5JjOXiqtB49TfQ4UxFzyDfaUaxi7ae1IwwIIEdC6UPd46EK8HrjifmtY+lTtF9lpbbcP6hsPYyUG18t8grkn+QYk8MvZ0PI3FkW9DyLDyuH+PRQeFoFIV1cFsbqZXRDDBTxXBxEMLXo1y+SOe74ILY5bXELFQ0jTsg3n3GfshkwvAEnGAlW4hJr9pixUYu7SoPUSrHRDlz1MM/9oiuoHtECHXaD0lqnAwcJ1GuuCZKmVI4WRtnJ2cxDLLIbl9JLKSDDovVFne5G9Nd6Tixj5J68fzkXmeTMHh/HlPyHERqFx2HqGYJA/p40apDA/d7wzuDnQFFOY2oZZd6yy5JnVPDN1e137SrLXzDJ4eAJMGmNJyUjea0f7+ouE3Ebw4ysC7clZF8yBtGdnnbRVjcyKQ0j/NajccBUgCfjkskty0XSdjBgwk+2q4qrobKJR6MyYJ2nAx0QmlRB/jlyVvt6d8H6/SDU3UzWx/Sw7V1+2axAzypxVs1Jj4ehcwcXnxQQUtUk9KyHzzfgAYM5iGZffCW0MJHeGXKy6nST2k+GBhr8EzFQRCgd+0qTO4qR07YjuOwV1oXwAxgopnPAX/HN+0H/nM2SoBShJPk8S3jlKXisyInw6oRkNfRnWx5hvqmNm9xyJIj4PFAQBF4WtgIZvM4fo8M/8ssGgCC+FqSuZKk80qsjGA3wHnhyYs5rbS46KJlUE0BocKXDQls2Wm+twyQXllSTTKbVqhdyb9NnEN58vcx3a1kwLj7ZaqfbWBTJBk31+diu0mJfmw4RZMeYyR0uWi4bWmY9ywMr1bvxbqbCIK0HxzfcLhaptE47sdC9DcF61icRmDpiL+BOZR/Y1TXbRGbbZaLtEiVn3bFtWawAPqn0x3FVFFNk6U3h5dg0ZB303+DY/qZ7Rs1AahybG8YZjufVW8mRgmLIogUqpmXNiuTyZKa6ltgTElcLCaKfcXKaok05KJxrrtuSf4AnozBCFlWRja9jM5ade/ADgXsMP3KVeL2X1TlxIfx2vE5pEfJ8HflEib/yJ+FnX7vnLFr1UjeUxq3qR+ehoTB5nwjBmhWDdVwIkdjGgX7HBk7Om1bGrhpfbMJGT7TTWtyvu/aNlz81YvLBAZ0LLxv/N8nm3J/vKs6jR8YtPVq/8t2AHNb5MxzVdvTsUxJf08Lw/dbWgEXZDskEskQYH92auscpGwkOGB6qU5/YjeQl9Nxd0Uduxq4K6Kur2nnJjDxFctr2FMbAWfAu7LWNfniMedrNHdmdMfbDP0SYZ3p1T3u+F4HoLiCXDC/0WKFz8qULQq1XkjS37b+6cGNwdzzTsfvzwNMw1lkHnTFIKOptZ6Or4MRajqVsdl7tNouyB7I8r4yi7Edvt5ZNmSNBAIIQBjPTwlTSs/wRsm97teZWKdLoRXO34EZ4U2Ok6j7JUbiWGIsDrH/FFY4HjwwbRWz4OYHMTHJ+rUzSvwh0VKjrwUgD046ksmZfE5qVTBahecPVlzSAwN6gv6GT5jEV3qubdVnwijzSi88DGPjpkB7frUeN6WlV4qAyRRXH9Vu+ur4R9rtDbua6zrxjamVyPoYXgApKZEE751k4P8aWZgXqRXe1rwvHfoCA0+ysSB/CuX1HMfEnsM8g+4HbsVy4OIgZgvqHTpFsKa7sJkSInlSaE8I5LNuOLcKwjCn2ThuGg29RLv0jcwEvLUyKzp/P1DaEXDllq6DYWXkeZkEj9o6Ufo/ZWYB4QPsnyOMPQ5ssiAmp5lckuAmELa9jn0ToL6MI5q64UT8S933pAZnLK8DrVJZWQIWy9J6JnYrLLz6FmI6c1+a/9QSJDGcl1nX4KkGKMkI2fmadsBimqmaQvDxVeJAIJz5AWBCuFG7DoDdT4Ul9j4fU2/GhAagL6EI0D2EJb29gQpvsyl9l3nUu6WsAnJqcljStWCOoaKnwhBAnVdnM78sgCLG8Lr9F84WqVdsLM7PzzAOmkZU1LURa1p5abXtOzveF0Fa21ivIqZ+FdL7zcDWYRxHo1Es/8x3RxHhZeyOC1PbHOTAoYAqkNrFfQGgVBq0QNRHJDH7vf9TyRWzCd1l2gpRSEN0P0AW+4UGb9HSf8HEcw1FHVSo7DiW8D/8C1xmDhP6QlDv7q7E3dhpyo7RdU/yHWhO3OORmR3gXy6RjeqiAtCkUk/QxiS8ZJSYa5AOWP1kMrhgxjVfBDqyGPSz75SxqLlUU8hBix/9/xOEuk/fP3EiTBiIcqmRO0El0tWE4pclTvmOZOPT7SGERU4qjU1jTL8+xVHNY/wCXhTlG+321x54NejzUoKhCsFyXrHAibjsQZ8nlGPMA6Vu8enMqqTy3uHi1mqLHUJP093jeL0wD86m2xuwmIDnIH2sB1KuGSznizaVe5WUZdZ0Eo15mWoL9GNLKe4EtW3jaJGo9jP7/CC+zd5KdYQXgKb95Nhh6uu+6G4NmkW9C2kISQ0Z+dIkMErCV833oUuVc6JvLPNmrFjwCYrHZidLNkVoTZuZKnaozSPEankWVJIqOcPZIrOeNey3Sf/Nf7XEuPgm455kyrkk+WDTuXsa/rJLxG2VAIRUDZG3+AigCSX1QEcqrc69RZT3L+vx0LZSj7+DwL3QrSTMh1+mhTjHy7rL+pdyLJG15GKLC2ikSLSba+61+ygOdihIHOPZJGLJ65BEEx2ZiVIjhkXswmvkeIllx1aBVxmuxCjEhz1Ys7+/RNadtRPidrSfHlgqAQmMEbQqkPP8QP+0vYDfWqDToV8us8mdlKovoDYFGhp8jhddd8gkyEYD+I6knBH5IxEqEYtK4PaxlR3NyU9L+m3zpCdD7lYhNcPu/WcLpSH9DADw8egv4p8PgiDgU6rnydLA9l9jyUg2By2VCL75nLJKu2DbRANebnyY+WJC1yiDxEUezSfPbpZLXmMj99U7xa1Fm92ZwCSmctV9vzQ6UMuOrsAjbyN//QBNxFzuj1GnCHyU3EBFqbfWdM9jqL49tDIllIOWUf4xNgDNViSuVNtUaXtEmElhsoPfMc3yHZvW0RMd5fDK8Lc2T4ijIIZg8hV8+62BfEQN1nefcUFZ6YT3mloAtnzb1k2c6Ds3VOymXgf2OxgDHqt1XI/vjzoKlHW/BHtjEDA64BEUMEwPNx/QXDR1IjnSQJoP0iI2ylPDSu4n4zIVqqExk8Mj4B/FyZ9l1aeej+GmkmWa6TUl/6cKdrkBUfhAuFGfA2P47Pesy7spCp7xAtkxvDnEZa1cfBeX76JMT5HgqgiWG+SQjEwveOi20fF7NxvdhvMqk9zZpjjNTPu9k8GtlBn9flbPu9Q0jz8GxF/EamLZEbPq10jLnvyDQBUzVoVgqmsIrcOfMsnxq0XerTPM/fcxQkcA2PopeGAtpCVZzCgst70OSSKqnjvHi9VwmFpSC9ggevVOoQ7OXlZlI3kRDqlaswDx+cmymPt//z0h2lkWzOIMeAGV4Spq9h88HGE3kLH4WsBG/OjNh8syCbeYFcyR3VJTfIhBCeZXTVTtDB47pRA+YfX+qIuD9cW/t1LvRxz9NNKbuoBl1MFxfCDYQ0CFAOatWGLUO9UpYq+/qeQTtQwImR84o/RUfJJ84711NSUMi3R3EifmPTVZMEs9UZn5WERsoTBip3EjSjrE/6qpR5JEGelJSDM67WpC1FPfbMlu/ecRk7PF2V3dJV8vbdo9u/kbN8AJeiSyqXgXIOmR5zhlD1CtWLtv3nDR2/yptW/Uk4PDim8uOh3R8CfoSZjknl+AjHGmvZ5ku/ODKSzM3VCMDikFn2D5U3Ajm/yAONjYd16R+6E48eAQoRXEdgAeRGdHxRQdTGIlBW83aQzhsyT/RFQI580ttcL6wwQF8ujqBVWc7tNIfmNvRCz0m8zXeCEYTton12WoUzQEXqBHi9qwaGmTmpQP4yIBA9u7haWoSGL/ZGmPlOygcb1x0RCn+JqRVx393T7+dapGTjajWAcmSHQC7YHNceyT9DfY5Mh5KSVGNuDjCzarp+BuR6mvq3TUjjPa69n1RMODnVzvPPAiVmJUJypI+uLxAZ92mRQl6lEDMkvvKfz3sHeoZaexSZmCygoe2qaqfHGKJ2IwcTXmeGpGNAGVumq3MUWDRUEO5MOs0AdsRR7uDHCJeg4qGtnQWbwyk7RELwgkp5TPRKtzdAsHYiKwemkZWUK/JxxEnY1mt9QRH0xFSOLHmD/+4ZtQcxzeGQSKvk1E9sTPm9DQHJvmjRbD70lkidiwdbZY5HpT6+gH4/4H3xnFbOLDQ+k4+RVQrRI/gJ0lNhaXEzBheDo3G3VwlQzXtudjTnQy+zzFvl1vGlIHfGVBVZ+yozzO1ag/upbMLPpq81deDORSwc0TambDvLUc47H3CrshmCIn+RcUKLTD9E8GkG8Mdk+1ajQEm/Rj/ds4GIlEJoVldTibY7/emAOIFCwi/ZiUN7TCXFzbnInBD5ko0EUXOrscBMS46LhnFZC0s6xQUwI31SaOpAYHJCMJfvIf0l6tN5G4uV2E+hrw3pbhPh4Sz8bYtTV688w6pfIpvG2XfPvJa1GJ7ZcboLOXVq1HVhyW6q+wenT9s4TKlSuWZPAZRnn3Ba/me9jbI7O1GgkKIfYrKA/PoW/8jfx8zSmi9wWio8/MrEaIRrk8NHkwWfajyI4uOsHgyjUaisaIH9UTYSeI+5QIttVhi0CmjiZvb2BmBCXgdKe/hqCOcz9Em21bsatHsGnTcQx8q++vl2FaXh76QhERCahCUB1ofGC/epPE1Fsz0VYhjK0hsMzKgEm6SVUG0lCMLMo7MehrrZZIV9wkMhIYgrvR9WmhJkhuBbxh7IfRKjScrs2gV1c1bvZ/+AHT1NOyVszR/3/e5nu/lVPZjPC4HJKDrB96SwXXSn/PfUF1j0lGib9Ha/sQOb7fVAWQGXmNuoGdtnMQWdF44eqat8WXmKDNn+hWTM+Qespucy64ow2u+rb6xjYux9iw1ynbhdcRBpoYR42EtlKdSaHLWEdcdFbkKJ7h4liQeu4YSj6VJ9bUCK4aqiJncfwHJbcJsKNEfJOq0r82I/NssVoi9vYKXIz0fswqKgo3upx/C2St6vh0blQdK27OdOQgrF766wYtWnuaUG71aAend820wMcklP+VjMzUHa8eagr5t/O0hD/qnpDxBOHoZXyl1LQHZ1nUOmN5nIiut/PeGzFovqH8Unfab74ezUKy1pCO9ySfD+dvktFVCrjPYzXq6R3PAScWZ1ZcybWa3G6FNLdimrJrLSyhVgPoBl7Y7m1St1IjRNzYt8bA8qeiHHtpKCPzyPkfvrHf2oO/5Rz6sKp12E+eDCUXv9JMaruXfGaSmtqn4dydJwI9KgpgMdBzUBC2T9pg5MAsn/hwXzRIyqcY9dSTEvXmtdCS6a5QJ9TAN6aP5deqPBhrjA/yTUrvN1j4Z7oCBaQr/twp52IhJb28ymv8M9znhLbwD6wS24liDyKqx3SgF8C6p5UPJBHOGpmJZ4oQ+aibb5CvpmOx9U9EKtoFxrc9rU0A2nmPPm3WiUMMVKAe0GnyswKpbOMdp6vFzBPFLFaLNMAfUVAGpXFn1PitDUMzdC4cyDZMX9SoW7aPHT4JSCwEL2okcZ9BCjJhI/1dM58SoCdG44='),
(12, 'Test', NULL, '2021-03-11 12:58:29', 'sgbLiDWXpI4v0at0GN1YMSNPA50blT8AsnLorMDM45g=');
COMMIT;

/*!40101 SET CHARACTER_SET_CLIENT=@OLD_CHARACTER_SET_CLIENT */;
/*!40101 SET CHARACTER_SET_RESULTS=@OLD_CHARACTER_SET_RESULTS */;
/*!40101 SET COLLATION_CONNECTION=@OLD_COLLATION_CONNECTION */;
